day, seconds, tempC, presPa, humRH
0, 55870, 14.470000, 101545.578125, 0.746113
0, 56102, 14.270000, 101545.613281, 0.739277
0, 56401, 14.180000, 101549.136719, 0.735371
0, 56701, 14.150000, 101549.894531, 0.710938
0, 57002, 14.180000, 101551.242188, 0.718711
0, 57301, 14.240000, 101554.175781, 0.723320
0, 57601, 14.250000, 101555.296875, 0.697734
0, 57901, 14.240000, 101561.082031, 0.697832
0, 58201, 14.190000, 101569.078125, 0.713096
0, 58501, 14.130000, 101573.253906, 0.725020
0, 58801, 14.070000, 101572.367188, 0.726680
0, 59101, 14.000000, 101575.718750, 0.738145
0, 59402, 13.900000, 101577.339844, 0.741523
0, 59701, 13.800000, 101581.777344, 0.721836
0, 60001, 13.720000, 101582.968750, 0.734160
0, 60302, 13.640000, 101585.015625, 0.739531
0, 60601, 13.560000, 101583.675781, 0.757998
0, 60901, 13.480000, 101585.414062, 0.759082
0, 61201, 13.410000, 101589.773438, 0.773145
0, 61501, 13.330000, 101596.820312, 0.744854
0, 61802, 13.240000, 101601.464844, 0.748877
0, 62101, 13.170000, 101605.632812, 0.749297
0, 62401, 13.100000, 101611.175781, 0.754014
0, 62702, 13.020000, 101616.273438, 0.763564
0, 63001, 12.930000, 101622.226562, 0.769902
0, 63301, 12.840000, 101623.625000, 0.773672
0, 63601, 12.710000, 101627.164062, 0.784209
0, 63901, 12.610000, 101628.503906, 0.787559
0, 64202, 12.500000, 101631.878906, 0.791416
0, 64501, 12.400000, 101633.542969, 0.798564
0, 64801, 12.290000, 101640.500000, 0.804414
0, 65102, 12.190000, 101648.738281, 0.809902
0, 65401, 12.080000, 101654.449219, 0.810479
0, 65701, 11.980000, 101658.742188, 0.817744
0, 66001, 11.890000, 101660.621094, 0.818896
0, 66301, 11.800000, 101664.156250, 0.818818
0, 66601, 11.730000, 101672.378906, 0.822529
0, 66901, 11.660000, 101679.351562, 0.827334
0, 67201, 11.600000, 101681.121094, 0.828086
0, 67502, 11.530000, 101688.960938, 0.830254
0, 67801, 11.480000, 101693.769531, 0.832451
0, 68101, 11.430000, 101698.933594, 0.833213
0, 68402, 11.370000, 101708.949219, 0.835840
0, 68701, 11.330000, 101715.230469, 0.837852
0, 69001, 11.300000, 101724.519531, 0.837998
0, 69301, 11.260000, 101730.347656, 0.843730
0, 69601, 11.230000, 101734.343750, 0.843896
0, 69902, 11.200000, 101733.339844, 0.845244
0, 70201, 11.170000, 101733.242188, 0.847354
0, 70501, 11.130000, 101733.292969, 0.848379
0, 70802, 11.090000, 101737.437500, 0.848418
0, 71101, 11.050000, 101735.316406, 0.849658
0, 71401, 11.010000, 101739.242188, 0.853281
0, 71701, 10.980000, 101744.722656, 0.861621
0, 72001, 10.940000, 101751.175781, 0.863838
0, 72302, 10.910000, 101753.628906, 0.863115
0, 72601, 10.890000, 101756.128906, 0.862627
0, 72901, 10.850000, 101757.847656, 0.861348
0, 73202, 10.800000, 101759.039062, 0.859424
0, 73501, 10.770000, 101761.687500, 0.858682
0, 73801, 10.730000, 101767.699219, 0.860459
0, 74101, 10.710000, 101773.625000, 0.859785
0, 74401, 10.690000, 101778.144531, 0.861152
0, 74701, 10.670000, 101783.046875, 0.863623
0, 75001, 10.660000, 101788.406250, 0.862646
0, 75301, 10.650000, 101791.582031, 0.862930
0, 75602, 10.640000, 101791.218750, 0.862588
0, 75901, 10.630000, 101791.441406, 0.862139
0, 76201, 10.620000, 101794.269531, 0.861768
0, 76502, 10.610000, 101792.375000, 0.861973
0, 76801, 10.590000, 101792.597656, 0.864346
0, 77101, 10.580000, 101791.941406, 0.864443
0, 77401, 10.570000, 101791.312500, 0.866689
0, 77701, 10.570000, 101791.484375, 0.865381
0, 78002, 10.560000, 101791.679688, 0.865488
0, 78301, 10.550000, 101795.582031, 0.866348
0, 78601, 10.550000, 101797.824219, 0.866221
0, 78902, 10.530000, 101798.171875, 0.868467
0, 79201, 10.520000, 101802.925781, 0.866602
0, 79501, 10.510000, 101808.992188, 0.867129
0, 79801, 10.480000, 101811.359375, 0.867939
0, 80101, 10.450000, 101812.636719, 0.868086
0, 80402, 10.400000, 101815.035156, 0.867666
0, 80701, 10.340000, 101814.390625, 0.868975
0, 81001, 10.280000, 101812.234375, 0.868301
0, 81302, 10.210000, 101809.980469, 0.867832
0, 81601, 10.130000, 101812.179688, 0.869863
0, 81901, 10.060000, 101807.832031, 0.871035
0, 82202, 10.020000, 101807.882812, 0.872021
0, 82501, 9.990000, 101808.105469, 0.873506
0, 82801, 9.970000, 101806.960938, 0.874648
0, 83101, 9.960000, 101804.722656, 0.874971
0, 83401, 9.950000, 101801.074219, 0.876133
0, 83702, 9.950000, 101798.468750, 0.876025
0, 84001, 9.940000, 101801.757812, 0.878506
0, 84301, 9.940000, 101798.519531, 0.878506
0, 84602, 9.930000, 101793.312500, 0.879141
0, 84901, 9.930000, 101795.871094, 0.877939
0, 85201, 9.920000, 101792.269531, 0.879229
0, 85501, 9.930000, 101793.386719, 0.879229
0, 85801, 9.940000, 101794.433594, 0.879268
0, 86101, 9.930000, 101793.996094, 0.880332
1, 1, 9.930000, 101794.750000, 0.880098
1, 301, 9.910000, 101795.308594, 0.880410
1, 602, 9.890000, 101799.593750, 0.880801
1, 901, 9.880000, 101806.890625, 0.880771
1, 1201, 9.870000, 101812.781250, 0.880654
1, 1501, 9.860000, 101809.105469, 0.881182
1, 1801, 9.860000, 101809.007812, 0.881924
1, 2101, 9.860000, 101810.324219, 0.883018
1, 2401, 9.860000, 101814.000000, 0.883359
1, 2701, 9.870000, 101814.289062, 0.883809
1, 3002, 9.880000, 101814.144531, 0.884697
1, 3301, 9.890000, 101813.390625, 0.885586
1, 3601, 9.890000, 101813.777344, 0.885918
1, 3902, 9.900000, 101809.785156, 0.885156
1, 4201, 9.900000, 101810.226562, 0.884414
1, 4501, 9.900000, 101806.257812, 0.885586
1, 4801, 9.890000, 101802.539062, 0.886572
1, 5101, 9.880000, 101800.859375, 0.886660
1, 5402, 9.890000, 101794.777344, 0.886436
1, 5701, 9.890000, 101793.585938, 0.885029
1, 6001, 9.880000, 101787.914062, 0.886113
1, 6302, 9.870000, 101782.855469, 0.888809
1, 6601, 9.870000, 101784.605469, 0.887510
1, 6901, 9.880000, 101785.382812, 0.886426
1, 7202, 9.880000, 101786.843750, 0.886875
1, 7501, 9.860000, 101781.246094, 0.887686
1, 7801, 9.870000, 101782.632812, 0.887188
1, 8101, 9.870000, 101780.687500, 0.887295
1, 8401, 9.870000, 101777.281250, 0.886748
1, 8702, 9.870000, 101774.121094, 0.886855
1, 8402, 9.850000, 101772.707031, 0.887451
1, 9049, 9.850000, 101771.738281, 0.887783
1, 9301, 9.850000, 101766.578125, 0.888760
1, 9602, 9.850000, 101765.167969, 0.888545
1, 9901, 9.840000, 101759.496094, 0.889082
1, 10201, 9.840000, 101755.312500, 0.889932
1, 10501, 9.830000, 101752.054688, 0.889590
1, 10801, 9.830000, 101751.109375, 0.889355
1, 11102, 9.790000, 101745.855469, 0.888955
1, 11401, 9.790000, 101744.980469, 0.890488
1, 11701, 9.800000, 101745.511719, 0.890508
1, 12002, 9.800000, 101742.863281, 0.889854
1, 12301, 9.800000, 101741.160156, 0.889424
1, 12601, 9.790000, 101743.617188, 0.889404
1, 12901, 9.790000, 101745.222656, 0.890166
1, 13201, 9.780000, 101744.859375, 0.890674
1, 13501, 9.770000, 101745.855469, 0.888604
1, 13801, 9.760000, 101749.066406, 0.889004
1, 14101, 9.750000, 101747.855469, 0.888457
1, 14402, 9.740000, 101748.414062, 0.888428
1, 14701, 9.720000, 101743.257812, 0.888711
1, 15001, 9.670000, 101744.667969, 0.889707
1, 15302, 9.640000, 101747.906250, 0.889736
1, 15601, 9.610000, 101753.500000, 0.889355
1, 15901, 9.590000, 101763.496094, 0.888789
1, 16201, 9.570000, 101767.726562, 0.890146
1, 16501, 9.560000, 101775.191406, 0.889697
1, 16802, 9.550000, 101781.730469, 0.889805
1, 17101, 9.550000, 101785.597656, 0.888486
1, 17401, 9.550000, 101792.187500, 0.889355
1, 17702, 9.550000, 101794.523438, 0.889570
1, 18001, 9.540000, 101794.132812, 0.889873
1, 18301, 9.530000, 101795.300781, 0.890840
1, 18602, 9.530000, 101794.519531, 0.890508
1, 18901, 9.530000, 101792.769531, 0.889854
1, 19202, 9.510000, 101797.246094, 0.890146
1, 19501, 9.500000, 101798.699219, 0.890674
1, 19801, 9.490000, 101804.195312, 0.890312
1, 20102, 9.460000, 101806.937500, 0.890361
1, 20401, 9.430000, 101811.406250, 0.889238
1, 20701, 9.380000, 101816.710938, 0.887930
1, 21002, 9.330000, 101820.058594, 0.887168
1, 21301, 9.280000, 101824.347656, 0.887500
1, 21601, 9.240000, 101826.113281, 0.889814
1, 21901, 9.220000, 101829.605469, 0.889873
1, 22201, 9.190000, 101835.136719, 0.889600
1, 22502, 9.160000, 101842.468750, 0.889434
1, 22801, 9.140000, 101846.523438, 0.889268
1, 23101, 9.110000, 101848.648438, 0.889971
1, 23401, 9.050000, 101844.933594, 0.891162
1, 23701, 8.980000, 101847.234375, 0.890576
1, 24001, 8.890000, 101854.097656, 0.889414
1, 24301, 8.790000, 101855.847656, 0.887686
1, 24602, 8.690000, 101863.105469, 0.886846
1, 24901, 8.600000, 101869.605469, 0.885254
1, 25201, 8.500000, 101876.800781, 0.884287
1, 25502, 8.400000, 101881.152344, 0.883125
1, 25801, 8.290000, 101887.843750, 0.884180
1, 26101, 8.190000, 101899.386719, 0.884951
1, 26401, 8.110000, 101905.535156, 0.884687
1, 26701, 8.050000, 101914.800781, 0.886426
1, 27001, 7.990000, 101925.707031, 0.889541
1, 27301, 7.950000, 101930.175781, 0.892148
1, 27601, 7.910000, 101933.949219, 0.894668
1, 27902, 7.880000, 101935.324219, 0.895479
1, 28201, 7.850000, 101941.621094, 0.896719
1, 28501, 7.830000, 101947.207031, 0.897852
1, 28802, 7.830000, 101949.601562, 0.900664
1, 29101, 7.840000, 101949.464844, 0.902852
1, 29401, 7.870000, 101953.796875, 0.906279
1, 29701, 7.920000, 101955.593750, 0.908447
1, 30001, 8.010000, 101957.136719, 0.911104
1, 30302, 8.140000, 101957.707031, 0.913652
1, 30601, 8.310000, 101958.074219, 0.914863
1, 30901, 8.580000, 101954.921875, 0.908945
1, 31202, 9.060000, 101949.160156, 0.898770
1, 31501, 9.550000, 101946.464844, 0.891631
1, 31801, 10.120000, 101942.699219, 0.879287
1, 32101, 10.820000, 101936.136719, 0.849648
1, 32401, 11.590000, 101930.675781, 0.794697
1, 32701, 12.120000, 101925.480469, 0.732910
1, 33001, 12.470000, 101917.503906, 0.740967
1, 33301, 12.760000, 101918.054688, 0.757275
1, 33602, 12.890000, 101918.230469, 0.743457
1, 33901, 12.940000, 101918.546875, 0.706445
1, 34201, 12.920000, 101920.015625, 0.700684
1, 34501, 12.880000, 101924.796875, 0.706113
1, 34801, 12.860000, 101926.898438, 0.692881
1, 35101, 12.800000, 101928.273438, 0.690488
1, 35401, 12.770000, 101933.472656, 0.703623
1, 35701, 12.730000, 101936.101562, 0.699609
1, 36002, 12.690000, 101932.839844, 0.703945
1, 36301, 12.660000, 101931.207031, 0.703135
1, 36601, 12.650000, 101929.902344, 0.712451
1, 36902, 12.620000, 101930.539062, 0.707793
1, 37201, 12.590000, 101927.753906, 0.700049
1, 37501, 12.580000, 101923.121094, 0.713447
1, 37801, 12.580000, 101920.117188, 0.704316
1, 38101, 12.580000, 101915.980469, 0.699492
1, 38402, 12.680000, 101914.593750, 0.699971
1, 38701, 12.780000, 101913.855469, 0.699580
1, 39001, 12.890000, 101913.125000, 0.691836
1, 39302, 13.020000, 101911.097656, 0.690498
1, 39601, 13.200000, 101908.781250, 0.692314
1, 39901, 13.470000, 101903.992188, 0.683799
1, 40202, 13.720000, 101898.343750, 0.656709
1, 40501, 13.930000, 101891.167969, 0.651396
1, 40802, 14.140000, 101889.359375, 0.630254
1, 41101, 14.360000, 101878.363281, 0.624795
1, 41401, 14.540000, 101871.468750, 0.617744
1, 41702, 14.750000, 101866.511719, 0.632451
1, 42001, 14.820000, 101861.539062, 0.613701
1, 42301, 14.850000, 101858.468750, 0.620615
1, 42602, 14.810000, 101855.093750, 0.618682
1, 42901, 14.770000, 101854.804688, 0.613857
1, 43201, 14.720000, 101851.687500, 0.609912
1, 43501, 14.690000, 101847.675781, 0.611641
1, 43801, 14.710000, 101843.140625, 0.618428
1, 44101, 14.790000, 101836.839844, 0.621641
1, 44401, 14.870000, 101830.746094, 0.618760
1, 44701, 14.940000, 101825.074219, 0.618301
1, 45002, 14.980000, 101816.941406, 0.612598
1, 45301, 15.030000, 101811.640625, 0.623975
1, 45601, 15.060000, 101805.820312, 0.624141
1, 45901, 15.120000, 101797.335938, 0.613447
1, 46201, 15.150000, 101787.175781, 0.616270
1, 46501, 15.180000, 101784.437500, 0.622305
1, 46801, 15.180000, 101779.156250, 0.616211
1, 47101, 15.180000, 101772.410156, 0.622861
1, 47402, 15.150000, 101767.335938, 0.628359
1, 47701, 15.120000, 101761.871094, 0.630986
1, 48001, 15.070000, 101758.160156, 0.608945
1, 48302, 15.060000, 101755.964844, 0.627139
1, 48601, 15.030000, 101751.105469, 0.631074
1, 48901, 15.000000, 101744.480469, 0.630908
1, 49201, 15.000000, 101739.671875, 0.620488
1, 49501, 15.100000, 101734.382812, 0.620420
1, 49802, 15.200000, 101728.875000, 0.604922
1, 50101, 15.300000, 101722.753906, 0.606934
1, 50401, 15.410000, 101716.921875, 0.613750
1, 50702, 15.640000, 101710.503906, 0.602402
1, 51001, 15.890000, 101700.445312, 0.592627
1, 51301, 16.020000, 101690.968750, 0.589902
1, 51601, 16.030000, 101688.046875, 0.578125
1, 51901, 15.930000, 101687.152344, 0.572539
1, 52201, 15.820000, 101688.367188, 0.579287
1, 52501, 15.710000, 101685.363281, 0.598389
1, 52801, 15.660000, 101685.621094, 0.595332
1, 53102, 15.650000, 101684.929688, 0.589746
1, 53401, 15.680000, 101686.046875, 0.585791
1, 53701, 15.700000, 101685.917969, 0.582148
1, 54002, 15.710000, 101686.046875, 0.589277
1, 54301, 15.660000, 101681.535156, 0.583096
1, 54601, 15.620000, 101680.031250, 0.592812
1, 54901, 15.560000, 101679.773438, 0.602178
1, 55201, 15.500000, 101686.472656, 0.601104
1, 55502, 15.430000, 101686.210938, 0.603555
1, 55801, 15.360000, 101687.500000, 0.613018
1, 56101, 15.290000, 101684.699219, 0.612705
1, 56402, 15.230000, 101682.496094, 0.620273
1, 56701, 15.140000, 101681.835938, 0.615244
1, 57001, 15.060000, 101682.847656, 0.625029
1, 57301, 14.990000, 101679.519531, 0.632793
1, 57601, 14.900000, 101675.503906, 0.637314
1, 57901, 14.800000, 101675.386719, 0.630303
1, 58201, 14.730000, 101672.917969, 0.638965
1, 58501, 14.670000, 101672.246094, 0.642959
1, 58802, 14.610000, 101670.593750, 0.649180
1, 59101, 14.550000, 101668.851562, 0.652871
1, 59401, 14.500000, 101670.289062, 0.653018
1, 59701, 14.440000, 101671.285156, 0.656455
1, 60001, 14.350000, 101669.195312, 0.667285
1, 60301, 14.280000, 101666.671875, 0.668496
1, 60601, 14.200000, 101671.468750, 0.667930
1, 60901, 14.100000, 101672.527344, 0.682139
1, 61202, 14.000000, 101674.906250, 0.692490
1, 61501, 13.870000, 101677.429688, 0.699785
1, 61801, 13.730000, 101678.820312, 0.707822
1, 62102, 13.590000, 101683.843750, 0.717744
1, 62401, 13.460000, 101691.351562, 0.729434
1, 62701, 13.340000, 101696.375000, 0.727471
1, 63001, 13.230000, 101702.054688, 0.727842
1, 63301, 13.130000, 101707.421875, 0.734805
1, 63602, 13.020000, 101712.441406, 0.739150
1, 63901, 12.920000, 101719.121094, 0.744473
1, 64201, 12.820000, 101724.097656, 0.746963
1, 64502, 12.730000, 101727.527344, 0.755469
1, 64801, 12.630000, 101734.078125, 0.761787
1, 65101, 12.550000, 101737.601562, 0.767246
1, 65402, 12.480000, 101743.015625, 0.763164
1, 65701, 12.400000, 101747.230469, 0.764463
1, 66002, 12.320000, 101753.867188, 0.763877
1, 66301, 12.260000, 101760.437500, 0.773203
1, 66601, 12.190000, 101764.441406, 0.776045
1, 66902, 12.130000, 101769.570312, 0.775400
1, 67201, 12.080000, 101776.953125, 0.782979
1, 67501, 12.020000, 101782.625000, 0.783525
1, 67802, 11.970000, 101785.187500, 0.788027
1, 68101, 11.910000, 101791.679688, 0.787832
1, 68401, 11.860000, 101795.820312, 0.796074
1, 68701, 11.820000, 101799.671875, 0.797412
1, 69001, 11.780000, 101804.632812, 0.795908
1, 69302, 11.740000, 101803.324219, 0.797266
1, 69601, 11.700000, 101803.644531, 0.799932
1, 69901, 11.660000, 101808.703125, 0.804688
1, 70202, 11.630000, 101812.996094, 0.803516
1, 70501, 11.600000, 101814.386719, 0.805117
1, 70801, 11.560000, 101815.386719, 0.805479
1, 71101, 11.540000, 101814.230469, 0.805645
1, 71401, 11.500000, 101814.546875, 0.808555
1, 71701, 11.460000, 101813.062500, 0.813496
1, 72001, 11.430000, 101816.234375, 0.810918
1, 72301, 11.390000, 101820.257812, 0.813145
1, 72602, 11.360000, 101822.761719, 0.813525
1, 72901, 11.340000, 101827.628906, 0.815898
1, 73201, 11.300000, 101831.945312, 0.818125
1, 73502, 11.270000, 101837.812500, 0.817070
1, 73801, 11.240000, 101840.269531, 0.819531
1, 74101, 11.210000, 101841.792969, 0.820029
1, 74401, 11.190000, 101844.121094, 0.821621
1, 74701, 11.160000, 101847.621094, 0.822891
1, 75002, 11.140000, 101850.558594, 0.823955
1, 75301, 11.120000, 101848.035156, 0.824121
1, 75601, 11.090000, 101847.554688, 0.827471
1, 75902, 11.070000, 101846.347656, 0.830039
1, 76201, 11.050000, 101845.843750, 0.828564
1, 76501, 11.040000, 101844.996094, 0.831934
1, 76801, 11.020000, 101844.878906, 0.830391
1, 77101, 11.000000, 101844.035156, 0.832959
1, 77401, 10.990000, 101842.945312, 0.838730
1, 77701, 10.970000, 101839.859375, 0.840986
1, 78001, 10.960000, 101840.664062, 0.841289
1, 78302, 10.970000, 101839.007812, 0.842178
1, 78601, 10.960000, 101840.226562, 0.840967
1, 78901, 10.950000, 101847.761719, 0.839746
1, 79202, 10.930000, 101847.550781, 0.839814
1, 79501, 10.930000, 101845.871094, 0.839697
1, 79801, 10.920000, 101847.679688, 0.840986
1, 80101, 10.900000, 101849.562500, 0.840078
1, 80401, 10.880000, 101849.906250, 0.840586
1, 80702, 10.870000, 101852.132812, 0.839131
1, 81001, 10.830000, 101854.500000, 0.839844
1, 81301, 10.800000, 101861.550781, 0.839463
1, 81602, 10.750000, 101867.222656, 0.840664
1, 81901, 10.670000, 101870.070312, 0.840068
1, 82201, 10.570000, 101872.769531, 0.839551
1, 82501, 10.440000, 101875.496094, 0.839541
1, 82801, 10.320000, 101875.605469, 0.839395
1, 83102, 10.180000, 101876.925781, 0.839697
1, 83401, 10.040000, 101875.152344, 0.839521
1, 83701, 9.910000, 101878.625000, 0.839150
1, 84002, 9.780000, 101881.531250, 0.842070
1, 84301, 9.680000, 101881.707031, 0.841338
1, 84601, 9.570000, 101882.171875, 0.843184
1, 84901, 9.480000, 101884.726562, 0.846611
1, 85201, 9.410000, 101885.511719, 0.846582
1, 85502, 9.340000, 101888.082031, 0.848066
1, 85801, 9.270000, 101890.632812, 0.850117
1, 86101, 9.200000, 101888.687500, 0.851602
2, 2, 9.140000, 101884.796875, 0.854844
2, 301, 9.090000, 101883.027344, 0.856279
2, 601, 9.040000, 101882.421875, 0.860420
2, 901, 9.010000, 101883.085938, 0.863066
2, 1201, 8.970000, 101880.300781, 0.864961
2, 1502, 8.950000, 101879.003906, 0.865801
2, 1801, 8.910000, 101878.160156, 0.867871
2, 2101, 8.870000, 101885.593750, 0.868652
2, 2401, 8.810000, 101884.128906, 0.870498
2, 2701, 8.740000, 101880.761719, 0.872080
2, 3001, 8.660000, 101877.585938, 0.872480
2, 3301, 8.590000, 101872.195312, 0.872529
2, 3601, 8.490000, 101870.824219, 0.871807
2, 3902, 8.400000, 101870.109375, 0.872725
2, 4201, 8.310000, 101866.500000, 0.871973
2, 4501, 8.230000, 101864.960938, 0.870527
2, 4801, 8.120000, 101864.636719, 0.874209
2, 5101, 8.040000, 101868.234375, 0.874385
2, 5401, 7.970000, 101865.531250, 0.874346
2, 5701, 7.910000, 101866.785156, 0.876250
2, 6001, 7.830000, 101864.656250, 0.877295
2, 6302, 7.770000, 101866.171875, 0.876855
2, 6601, 7.720000, 101869.636719, 0.878691
2, 6901, 7.660000, 101867.996094, 0.878477
2, 7202, 7.590000, 101865.894531, 0.877246
2, 7501, 7.540000, 101863.757812, 0.879316
2, 7801, 7.480000, 101857.617188, 0.880068
2, 8102, 7.390000, 101849.742188, 0.877930
2, 8401, 7.330000, 101841.984375, 0.876934
2, 8702, 7.270000, 101837.609375, 0.877568
2, 9001, 7.210000, 101836.160156, 0.876807
2, 9301, 7.140000, 101827.726562, 0.877520
2, 9602, 7.080000, 101821.937500, 0.878379
2, 9901, 7.010000, 101818.417969, 0.879326
2, 10201, 6.940000, 101815.851562, 0.880371
2, 10502, 6.880000, 101814.125000, 0.879180
2, 10801, 6.820000, 101813.808594, 0.879043
2, 11101, 6.760000, 101808.863281, 0.880537
2, 11401, 6.690000, 101804.035156, 0.880293
2, 11701, 6.630000, 101803.324219, 0.879629
2, 12002, 6.570000, 101799.160156, 0.879619
2, 12301, 6.510000, 101797.988281, 0.879814
2, 12601, 6.440000, 101796.203125, 0.877852
2, 12902, 6.380000, 101794.406250, 0.877949
2, 13201, 6.340000, 101794.730469, 0.879258
2, 13501, 6.300000, 101795.933594, 0.882529
2, 13802, 6.270000, 101800.679688, 0.883213
2, 14101, 6.260000, 101798.507812, 0.885459
2, 14401, 6.210000, 101796.214844, 0.885703
2, 14701, 6.170000, 101795.625000, 0.883975
2, 15001, 6.120000, 101796.632812, 0.881836
2, 15302, 6.050000, 101798.617188, 0.881162
2, 15601, 6.000000, 101796.468750, 0.879756
2, 15901, 5.950000, 101800.792969, 0.879424
2, 16202, 5.900000, 101800.027344, 0.882695
2, 16501, 5.880000, 101803.968750, 0.885654
2, 16801, 5.850000, 101807.679688, 0.886885
2, 17101, 5.820000, 101807.562500, 0.886943
2, 17401, 5.810000, 101811.085938, 0.886475
2, 17702, 5.790000, 101811.851562, 0.889023
2, 18001, 5.780000, 101817.566406, 0.888564
2, 18301, 5.770000, 101824.355469, 0.889502
2, 18602, 5.750000, 101829.574219, 0.890020
2, 18901, 5.720000, 101831.199219, 0.892441
2, 19201, 5.700000, 101836.035156, 0.894531
2, 19501, 5.680000, 101837.761719, 0.893633
2, 19801, 5.650000, 101839.097656, 0.890889
2, 20102, 5.630000, 101837.613281, 0.888584
2, 20401, 5.600000, 101839.636719, 0.888535
2, 20701, 5.580000, 101840.632812, 0.887832
2, 21002, 5.550000, 101846.039062, 0.886807
2, 21301, 5.520000, 101845.343750, 0.883301
2, 21601, 5.520000, 101845.292969, 0.886426
2, 21901, 5.550000, 101845.984375, 0.889277
2, 22201, 5.570000, 101845.496094, 0.893945
2, 22501, 5.600000, 101849.058594, 0.895830
2, 22801, 5.640000, 101853.667969, 0.897646
2, 23101, 5.670000, 101857.164062, 0.900312
2, 23402, 5.710000, 101862.230469, 0.901133
2, 23701, 5.760000, 101867.734375, 0.902637
2, 24001, 5.800000, 101871.386719, 0.903809
2, 24301, 5.860000, 101875.296875, 0.904893
2, 24601, 5.910000, 101876.046875, 0.905869
2, 24901, 5.970000, 101877.917969, 0.906650
2, 25201, 6.040000, 101882.207031, 0.907412
2, 25501, 6.100000, 101884.007812, 0.910234
2, 25802, 6.190000, 101884.519531, 0.915166
2, 26101, 6.290000, 101884.183594, 0.919238
2, 26401, 6.360000, 101885.902344, 0.923066
2, 26702, 6.430000, 101888.644531, 0.926777
2, 27001, 6.500000, 101892.468750, 0.928525
2, 27301, 6.570000, 101898.992188, 0.929229
2, 27601, 6.630000, 101908.199219, 0.929668
2, 27901, 6.700000, 101911.109375, 0.928311
2, 28202, 6.770000, 101918.035156, 0.927803
2, 28501, 6.840000, 101921.843750, 0.926133
2, 28801, 6.920000, 101923.820312, 0.924258
2, 29102, 7.010000, 101926.019531, 0.921953
2, 29401, 7.090000, 101932.402344, 0.919971
2, 29701, 7.190000, 101933.941406, 0.917383
2, 30001, 7.290000, 101940.000000, 0.915430
2, 30301, 7.380000, 101943.460938, 0.913896
2, 30602, 7.490000, 101944.296875, 0.910889
2, 30901, 7.550000, 101946.867188, 0.909297
2, 31201, 7.640000, 101950.527344, 0.905127
2, 31502, 7.730000, 101949.937500, 0.900146
2, 31801, 7.880000, 101951.671875, 0.896777
2, 32101, 8.060000, 101952.039062, 0.893994
2, 32401, 8.210000, 101950.238281, 0.887393
2, 32701, 8.370000, 101946.984375, 0.880557
2, 33001, 8.580000, 101942.632812, 0.875127
2, 33301, 8.800000, 101940.617188, 0.866982
2, 33601, 9.080000, 101933.687500, 0.852783
2, 33902, 9.390000, 101931.445312, 0.842852
2, 34201, 9.690000, 101924.742188, 0.835254
2, 34501, 9.980000, 101919.316406, 0.824473
2, 34801, 10.280000, 101913.300781, 0.815674
2, 35101, 10.610000, 101903.042969, 0.801758
2, 35401, 10.980000, 101893.085938, 0.781572
2, 35701, 11.480000, 101882.160156, 0.767021
2, 36001, 12.150000, 101867.367188, 0.748232
2, 36302, 13.090000, 101855.562500, 0.705596
2, 36601, 14.240000, 101836.582031, 0.658828
2, 36901, 15.680000, 101815.976562, 0.601797
2, 37201, 17.190000, 101793.222656, 0.546250
2, 37501, 18.700000, 101770.535156, 0.487773
2, 37801, 18.770000, 101751.398438, 0.450068
2, 38101, 18.830000, 101731.722656, 0.414365
2, 38401, 18.910000, 101714.683594, 0.390176
2, 38702, 18.980000, 101695.140625, 0.377441
2, 39001, 19.040000, 101678.746094, 0.356875
2, 39301, 19.160000, 101659.886719, 0.331582
2, 39602, 19.220000, 101642.390625, 0.325898
2, 39901, 19.320000, 101627.019531, 0.308887
2, 40201, 19.400000, 101643.296875, 0.410479
2, 40501, 19.440000, 101691.140625, 0.513330
2, 40801, 19.360000, 101689.792969, 0.517627
2, 41102, 19.360000, 101682.453125, 0.514912
2, 41401, 19.260000, 101677.195312, 0.522666
2, 41701, 19.310000, 101667.957031, 0.519580
2, 42002, 19.300000, 101663.171875, 0.531475
2, 42301, 19.280000, 101654.437500, 0.536152
2, 42601, 19.120000, 101646.035156, 0.517891
2, 42901, 19.220000, 101636.929688, 0.542705
2, 43201, 19.170000, 101628.062500, 0.535918
2, 43502, 19.310000, 101615.992188, 0.503066
2, 43801, 19.750000, 101602.863281, 0.492529
2, 44101, 20.060000, 101593.218750, 0.501318
2, 44402, 19.880000, 101586.773438, 0.511357
2, 44701, 19.800000, 101577.976562, 0.464668
2, 45001, 19.760000, 101571.601562, 0.431396
2, 45301, 19.710000, 101562.003906, 0.420303
2, 45601, 19.850000, 101557.289062, 0.416816
2, 45902, 19.900000, 101551.046875, 0.404668
2, 46201, 19.630000, 101545.898438, 0.383115
2, 46501, 19.850000, 101536.562500, 0.451084
2, 46802, 19.940000, 101524.183594, 0.428184
2, 47101, 20.240000, 101508.042969, 0.440771
2, 47401, 20.430000, 101498.054688, 0.418037
2, 47701, 20.630000, 101487.621094, 0.406475
2, 48001, 20.390000, 101478.644531, 0.381855
2, 48302, 20.230000, 101469.585938, 0.379336
2, 48601, 20.530000, 101457.351562, 0.381973
2, 48901, 20.710000, 101446.062500, 0.365254
2, 49202, 20.980000, 101435.664062, 0.386201
2, 49501, 21.420000, 101423.781250, 0.387715
2, 49801, 21.680000, 101415.253906, 0.390098
2, 50101, 21.820000, 101408.718750, 0.366172
2, 50401, 21.490000, 101403.058594, 0.347861
2, 50702, 21.690000, 101392.144531, 0.361533
2, 51001, 21.780000, 101383.242188, 0.366816
2, 51301, 21.710000, 101382.257812, 0.359268
2, 51602, 21.700000, 101373.367188, 0.343604
2, 51901, 21.540000, 101377.378906, 0.357090
2, 52202, 21.570000, 101375.460938, 0.363584
2, 52501, 21.420000, 101376.039062, 0.415342
2, 52801, 21.390000, 101372.992188, 0.352432
2, 53102, 21.420000, 101368.437500, 0.359727
2, 53401, 20.970000, 101371.136719, 0.357217
2, 53701, 20.880000, 101369.613281, 0.375928
2, 54001, 21.120000, 101362.875000, 0.381680
2, 54301, 21.310000, 101357.699219, 0.406875
2, 54601, 20.990000, 101354.882812, 0.403750
2, 54901, 21.210000, 101352.132812, 0.406777
2, 55201, 21.160000, 101347.855469, 0.406611
2, 55502, 20.880000, 101346.871094, 0.386455
2, 55801, 20.510000, 101347.585938, 0.416299
2, 56101, 20.730000, 101339.859375, 0.403857
2, 56402, 21.080000, 101333.640625, 0.437422
2, 56701, 21.040000, 101331.562500, 0.376289
2, 57001, 20.920000, 101327.675781, 0.367588
2, 57301, 21.090000, 101323.941406, 0.389922
2, 57601, 21.230000, 101319.238281, 0.384385
2, 57902, 20.820000, 101315.726562, 0.374971
2, 58201, 20.740000, 101314.605469, 0.392549
2, 58501, 21.240000, 101307.554688, 0.380078
2, 58802, 21.650000, 101300.300781, 0.386777
2, 59101, 21.590000, 101300.128906, 0.358496
2, 59401, 21.780000, 101297.523438, 0.398916
2, 59701, 21.770000, 101298.597656, 0.408760
2, 60001, 21.720000, 101301.835938, 0.418115
2, 60302, 21.310000, 101304.796875, 0.410723
2, 60601, 20.780000, 101309.343750, 0.416563
2, 60901, 20.630000, 101307.941406, 0.448047
2, 61202, 20.490000, 101304.957031, 0.445645
2, 61501, 20.350000, 101304.457031, 0.449463
2, 61801, 20.210000, 101306.515625, 0.452578
2, 62102, 20.010000, 101310.765625, 0.458135
2, 62401, 19.800000, 101313.640625, 0.471094
2, 62701, 19.640000, 101316.656250, 0.477217
2, 63001, 19.550000, 101320.023438, 0.474766
2, 63301, 19.360000, 101321.738281, 0.484795
2, 63602, 19.090000, 101324.656250, 0.493711
2, 63901, 18.870000, 101330.050781, 0.497295
2, 64201, 18.520000, 101336.449219, 0.505322
2, 64502, 18.260000, 101337.753906, 0.511631
2, 64801, 18.040000, 101341.890625, 0.517314
2, 65101, 17.920000, 101347.960938, 0.521533
2, 65401, 17.720000, 101355.183594, 0.521758
2, 65701, 17.490000, 101362.640625, 0.526963
2, 66002, 17.200000, 101370.273438, 0.535664
2, 66301, 17.090000, 101372.648438, 0.536650
2, 66601, 16.910000, 101380.199219, 0.540225
2, 66902, 16.730000, 101381.839844, 0.547363
2, 67201, 16.640000, 101384.414062, 0.549053
2, 67501, 16.570000, 101387.277344, 0.543604
2, 67802, 16.470000, 101388.902344, 0.547842
2, 68101, 16.410000, 101388.996094, 0.550205
2, 68401, 16.330000, 101390.562500, 0.552119
2, 68701, 16.220000, 101390.480469, 0.554092
2, 69001, 16.130000, 101389.078125, 0.555439
2, 69302, 15.970000, 101388.664062, 0.560254
2, 69601, 15.800000, 101389.835938, 0.565361
2, 69901, 15.760000, 101389.855469, 0.565537
2, 70202, 15.560000, 101391.710938, 0.575947
2, 70501, 15.530000, 101388.589844, 0.570449
2, 70801, 15.370000, 101393.160156, 0.577266
2, 71101, 15.390000, 101389.246094, 0.574619
2, 71401, 15.300000, 101388.640625, 0.580518
2, 71702, 15.160000, 101387.351562, 0.584209
2, 72001, 15.100000, 101384.703125, 0.586904
2, 72301, 14.960000, 101386.148438, 0.595273
2, 72602, 14.860000, 101389.984375, 0.598018
2, 72901, 14.880000, 101392.515625, 0.594482
2, 73201, 14.870000, 101394.707031, 0.595703
2, 73501, 14.890000, 101395.433594, 0.595059
2, 73801, 14.900000, 101393.160156, 0.593506
2, 74102, 14.850000, 101392.734375, 0.595566
2, 74401, 14.790000, 101393.042969, 0.598350
2, 74701, 14.870000, 101391.316406, 0.593594
2, 75002, 14.830000, 101392.824219, 0.594971
2, 75301, 14.650000, 101392.453125, 0.604492
2, 75601, 14.480000, 101394.511719, 0.612578
2, 75902, 14.340000, 101394.386719, 0.618682
2, 76201, 14.350000, 101396.191406, 0.611943
2, 76501, 14.390000, 101393.695312, 0.610342
2, 76801, 13.410000, 101404.839844, 0.684043
2, 77101, 12.020000, 101422.972656, 0.777295
2, 77402, 11.250000, 101433.800781, 0.793857
2, 77701, 10.840000, 101437.152344, 0.799551
2, 78001, 10.590000, 101440.500000, 0.803047
2, 78302, 10.440000, 101436.445312, 0.806904
2, 78601, 10.350000, 101435.011719, 0.806641
2, 78901, 10.270000, 101437.335938, 0.808564
2, 79201, 10.220000, 101436.183594, 0.812510
2, 79501, 10.180000, 101430.832031, 0.812773
2, 79801, 10.140000, 101428.871094, 0.815937
2, 80101, 10.090000, 101428.007812, 0.817051
2, 80401, 10.020000, 101428.175781, 0.816914
2, 80702, 9.970000, 101428.382812, 0.819004
2, 81001, 9.940000, 101427.890625, 0.823428
2, 81301, 9.900000, 101431.175781, 0.824756
2, 81601, 9.860000, 101433.316406, 0.824688
2, 81901, 9.810000, 101431.179688, 0.825791
2, 82201, 9.800000, 101432.058594, 0.828936
2, 82501, 9.800000, 101431.625000, 0.830898
2, 82801, 9.810000, 101430.914062, 0.832002
2, 83102, 9.790000, 101429.781250, 0.830332
2, 83401, 9.780000, 101425.242188, 0.830732
2, 83701, 9.780000, 101423.632812, 0.832061
2, 84001, 9.780000, 101420.304688, 0.823438
2, 84301, 9.730000, 101420.039062, 0.822148
2, 84601, 9.680000, 101422.742188, 0.818477
2, 84901, 9.600000, 101427.726562, 0.812002
2, 85201, 9.510000, 101427.207031, 0.813262
2, 85502, 9.410000, 101424.820312, 0.814365
2, 85801, 9.330000, 101421.980469, 0.813789
2, 86101, 9.240000, 101424.082031, 0.811895
3, 2, 9.200000, 101419.312500, 0.803652
3, 301, 9.140000, 101415.761719, 0.807666
3, 601, 9.050000, 101409.058594, 0.819912
3, 902, 9.000000, 101405.503906, 0.809922
3, 1201, 8.950000, 101402.191406, 0.811650
3, 1502, 8.880000, 101398.300781, 0.810029
3, 1801, 8.810000, 101398.511719, 0.813369
3, 2101, 8.720000, 101399.406250, 0.810479
3, 2402, 8.660000, 101397.230469, 0.812441
3, 2701, 8.640000, 101394.492188, 0.808701
3, 3001, 8.600000, 101393.503906, 0.834365
3, 3302, 8.630000, 101389.324219, 0.852969
3, 3601, 8.670000, 101385.574219, 0.862187
3, 3901, 8.710000, 101385.445312, 0.861182
3, 4201, 8.760000, 101387.593750, 0.857471
3, 4501, 8.780000, 101385.960938, 0.855244
3, 4802, 8.790000, 101389.121094, 0.853076
3, 5101, 8.820000, 101385.054688, 0.848242
3, 5401, 8.820000, 101383.718750, 0.848369
3, 5702, 8.830000, 101377.695312, 0.847627
3, 6001, 8.860000, 101377.199219, 0.841270
3, 6301, 8.860000, 101374.820312, 0.844209
3, 6601, 8.870000, 101375.570312, 0.842480
3, 6901, 8.870000, 101371.195312, 0.846064
3, 7202, 8.890000, 101363.371094, 0.842520
3, 7501, 8.900000, 101357.996094, 0.844277
3, 7801, 8.910000, 101353.351562, 0.844404
3, 8102, 8.920000, 101350.265625, 0.842031
3, 8401, 8.930000, 101345.402344, 0.840000
3, 8701, 8.940000, 101345.593750, 0.836631
3, 9001, 8.960000, 101342.867188, 0.827998
3, 9301, 8.970000, 101339.460938, 0.830078
3, 9601, 8.980000, 101335.617188, 0.829336
3, 9901, 8.980000, 101330.589844, 0.828574
3, 10201, 8.960000, 101329.359375, 0.828535
3, 10502, 8.960000, 101327.363281, 0.826582
3, 10801, 8.940000, 101324.339844, 0.829463
3, 11101, 8.920000, 101324.007812, 0.830313
3, 11402, 8.900000, 101319.667969, 0.826475
3, 11701, 8.880000, 101315.449219, 0.828926
3, 12001, 8.860000, 101311.792969, 0.828018
3, 12301, 8.810000, 101309.210938, 0.830195
3, 12601, 8.740000, 101306.761719, 0.828770
3, 12902, 8.670000, 101302.148438, 0.830361
3, 13201, 8.590000, 101301.417969, 0.833047
3, 13501, 8.530000, 101297.457031, 0.836836
3, 13802, 8.480000, 101296.355469, 0.841953
3, 14101, 8.430000, 101293.867188, 0.841084
3, 14401, 8.380000, 101297.398438, 0.843604
3, 14701, 8.310000, 101297.414062, 0.841719
3, 15001, 8.230000, 101293.062500, 0.840498
3, 15302, 8.160000, 101291.273438, 0.840156
3, 15601, 8.110000, 101291.839844, 0.839834
3, 15901, 8.040000, 101292.042969, 0.842197
3, 16202, 7.990000, 101293.312500, 0.834941
3, 16501, 7.930000, 101296.468750, 0.831885
3, 16801, 7.900000, 101297.363281, 0.833242
3, 17101, 7.830000, 101300.808594, 0.835381
3, 17401, 7.790000, 101302.531250, 0.842910
3, 17701, 7.760000, 101303.886719, 0.844678
3, 18001, 7.730000, 101302.332031, 0.843867
3, 18301, 7.690000, 101302.527344, 0.843691
3, 18602, 7.640000, 101302.007812, 0.845518
3, 18901, 7.610000, 101304.472656, 0.846230
3, 19201, 7.580000, 101310.070312, 0.848760
3, 19501, 7.540000, 101314.597656, 0.850098
3, 19801, 7.510000, 101315.031250, 0.852754
3, 20101, 7.500000, 101316.894531, 0.852607
3, 20401, 7.460000, 101319.746094, 0.853828
3, 20701, 7.430000, 101321.074219, 0.855078
3, 21002, 7.430000, 101322.332031, 0.857979
3, 21301, 7.400000, 101326.644531, 0.865078
3, 21601, 7.390000, 101328.312500, 0.866904
3, 21902, 7.410000, 101331.269531, 0.869521
3, 22201, 7.450000, 101327.914062, 0.888965
3, 22501, 7.490000, 101324.210938, 0.892305
3, 22801, 7.550000, 101322.160156, 0.902256
3, 23101, 7.590000, 101318.726562, 0.900732
3, 23402, 7.640000, 101318.851562, 0.901582
3, 23701, 7.660000, 101325.691406, 0.890479
3, 24001, 7.670000, 101327.363281, 0.890371
3, 24302, 7.680000, 101335.582031, 0.884463
3, 24601, 7.670000, 101343.652344, 0.889180
3, 24901, 7.660000, 101353.910156, 0.885938
3, 25201, 7.660000, 101359.218750, 0.882695
3, 25501, 7.670000, 101363.433594, 0.882607
3, 25802, 7.660000, 101365.832031, 0.883018
3, 26101, 7.670000, 101368.769531, 0.877715
3, 26401, 7.650000, 101375.769531, 0.878350
3, 26702, 7.640000, 101385.949219, 0.877764
3, 27001, 7.640000, 101386.097656, 0.880059
3, 27301, 7.650000, 101392.570312, 0.882246
3, 27601, 7.660000, 101395.140625, 0.884424
3, 27901, 7.690000, 101398.015625, 0.882207
3, 28202, 7.720000, 101408.351562, 0.890381
3, 28501, 7.760000, 101418.277344, 0.890361
3, 28801, 7.810000, 101426.652344, 0.894023
3, 29102, 7.880000, 101430.835938, 0.912246
3, 29401, 8.030000, 101437.023438, 0.940127
3, 29701, 8.140000, 101440.890625, 0.932793
3, 30001, 8.250000, 101444.492188, 0.928057
3, 30301, 8.370000, 101445.613281, 0.929502
3, 30602, 8.510000, 101447.917969, 0.926982
3, 30901, 8.670000, 101452.542969, 0.924521
3, 31201, 8.890000, 101448.527344, 0.936777
3, 31502, 9.150000, 101445.890625, 0.935059
3, 31801, 9.560000, 101438.832031, 0.966953
3, 32101, 9.960000, 101434.835938, 0.959473
3, 32402, 10.510000, 101429.230469, 0.954912
3, 32701, 10.960000, 101424.453125, 0.951016
3, 33001, 11.360000, 101411.964844, 0.850244
3, 33301, 11.720000, 101404.777344, 0.859688
3, 33601, 12.060000, 101394.773438, 0.831904
3, 33902, 12.500000, 101385.980469, 0.741338
3, 34201, 12.940000, 101383.863281, 0.673730
3, 34501, 13.250000, 101377.195312, 0.704395
3, 34802, 13.510000, 101370.023438, 0.651758
3, 35101, 13.710000, 101364.867188, 0.667305
3, 35401, 13.880000, 101359.382812, 0.635947
3, 35701, 13.990000, 101356.574219, 0.678418
3, 36001, 14.160000, 101349.566406, 0.663896
3, 36301, 14.450000, 101349.304688, 0.627139
3, 36601, 14.650000, 101340.152344, 0.626104
3, 36901, 14.920000, 101329.800781, 0.623486
3, 37202, 15.150000, 101326.980469, 0.594746
3, 37501, 15.300000, 101327.007812, 0.589951
3, 37801, 15.460000, 101320.828125, 0.582822
3, 38102, 15.710000, 101317.335938, 0.582607
3, 38401, 15.890000, 101317.007812, 0.580166
3, 38701, 16.030000, 101307.234375, 0.578340
3, 39001, 16.170000, 101299.339844, 0.572959
3, 39301, 16.190000, 101291.929688, 0.565186
3, 39602, 16.140000, 101291.359375, 0.577949
3, 39901, 16.110000, 101285.492188, 0.569658
3, 40201, 16.130000, 101283.546875, 0.583594
3, 40502, 16.090000, 101275.753906, 0.583770
3, 40801, 16.160000, 101266.835938, 0.603662
3, 41101, 16.350000, 101250.042969, 0.591240
3, 41401, 16.600000, 101236.531250, 0.573301
3, 41701, 16.900000, 101232.351562, 0.588730
3, 42002, 16.970000, 101225.019531, 0.544092
3, 42301, 17.150000, 101217.550781, 0.532588
3, 42601, 17.200000, 101209.847656, 0.533096
3, 42902, 17.310000, 101203.265625, 0.540488
3, 43201, 17.570000, 101195.589844, 0.568525
3, 43501, 17.620000, 101189.218750, 0.529355
3, 43802, 17.610000, 101182.640625, 0.542539
3, 44101, 17.600000, 101179.550781, 0.533027
3, 44401, 17.520000, 101170.761719, 0.533486
3, 44701, 17.580000, 101164.156250, 0.551670
3, 45001, 17.610000, 101162.347656, 0.528887
3, 45302, 17.760000, 101148.644531, 0.531973
3, 45601, 17.970000, 101137.527344, 0.532344
3, 45901, 18.070000, 101135.949219, 0.515098
3, 46202, 18.080000, 101127.265625, 0.525859
3, 46501, 18.110000, 101125.429688, 0.498340
3, 46801, 18.070000, 101120.937500, 0.527197
3, 47101, 18.040000, 101115.164062, 0.525723
3, 47401, 18.090000, 101100.195312, 0.520625
3, 47702, 18.030000, 101087.535156, 0.517295
3, 48001, 17.900000, 101081.464844, 0.508975
3, 48301, 17.890000, 101074.929688, 0.534600
3, 48602, 17.910000, 101069.664062, 0.535293
3, 48901, 17.880000, 101060.937500, 0.511631
3, 49201, 17.890000, 101053.195312, 0.529785
3, 49501, 17.860000, 101045.527344, 0.540605
3, 49801, 17.840000, 101042.339844, 0.520762
3, 50102, 17.800000, 101038.488281, 0.529355
3, 50401, 17.890000, 101030.945312, 0.533477
3, 50701, 18.090000, 101024.406250, 0.489238
3, 51002, 18.300000, 101015.839844, 0.499238
3, 51301, 18.270000, 101013.406250, 0.482256
3, 51601, 18.230000, 101008.750000, 0.489512
3, 51901, 18.230000, 101012.625000, 0.499941
3, 52201, 18.280000, 101007.039062, 0.471621
3, 52501, 18.300000, 101003.683594, 0.502031
3, 52801, 18.200000, 100998.972656, 0.486328
3, 53101, 18.170000, 100992.863281, 0.477891
3, 53402, 18.280000, 100985.847656, 0.475439
3, 53701, 18.570000, 100975.097656, 0.487637
3, 54001, 18.760000, 100967.160156, 0.478535
3, 54302, 18.960000, 100962.140625, 0.460537
3, 54601, 18.970000, 100958.488281, 0.461436
3, 54901, 19.030000, 100947.949219, 0.441709
3, 55201, 18.920000, 100939.847656, 0.452402
3, 55501, 18.830000, 100935.109375, 0.484443
3, 55802, 18.860000, 100924.234375, 0.501992
3, 56101, 18.800000, 100916.804688, 0.475879
3, 56401, 18.940000, 100907.933594, 0.492422
3, 56702, 19.090000, 100899.589844, 0.477305
3, 57001, 19.230000, 100893.750000, 0.495107
3, 57301, 19.320000, 100891.511719, 0.490264
3, 57601, 19.360000, 100890.855469, 0.465557
3, 57901, 19.440000, 100885.218750, 0.476338
3, 58201, 19.560000, 100883.066406, 0.472861
3, 58501, 19.690000, 100881.402344, 0.482451
3, 58801, 19.650000, 100885.417969, 0.480273
3, 59102, 19.440000, 100891.410156, 0.488711
3, 59401, 19.300000, 100895.851562, 0.495410
3, 59701, 19.090000, 100893.093750, 0.503037
3, 60002, 18.950000, 100893.296875, 0.498164
3, 60301, 18.670000, 100899.687500, 0.508838
3, 60601, 18.480000, 100898.312500, 0.504814
3, 60901, 18.230000, 100899.542969, 0.509014
3, 61201, 18.080000, 100898.886719, 0.512207
3, 61502, 17.980000, 100900.335938, 0.550264
3, 61801, 17.860000, 100905.945312, 0.552568
3, 62101, 17.660000, 100910.367188, 0.526152
3, 62402, 17.520000, 100917.207031, 0.571367
3, 62701, 17.340000, 100917.914062, 0.580283
3, 63001, 17.140000, 100921.742188, 0.589180
3, 63301, 16.960000, 100920.777344, 0.602090
3, 63601, 16.800000, 100925.011719, 0.607764
3, 63902, 16.630000, 100931.066406, 0.615332
3, 64201, 16.440000, 100939.925781, 0.622852
3, 64501, 16.230000, 100941.308594, 0.630137
3, 64802, 16.020000, 100945.292969, 0.634053
3, 65101, 15.790000, 100952.382812, 0.644492
3, 65401, 15.620000, 100954.867188, 0.645449
3, 65702, 15.430000, 100958.339844, 0.650830
3, 66001, 15.250000, 100963.300781, 0.655117
3, 66301, 15.070000, 100970.812500, 0.656289
3, 66601, 14.870000, 100977.210938, 0.663975
3, 66901, 14.670000, 100984.054688, 0.669756
3, 67202, 14.520000, 100989.906250, 0.672061
3, 67501, 14.350000, 100987.785156, 0.680977
3, 67801, 14.210000, 100989.660156, 0.683877
3, 68102, 14.040000, 100995.402344, 0.690889
3, 68401, 13.880000, 100997.136719, 0.693184
3, 68701, 13.750000, 100997.953125, 0.697158
3, 69001, 13.610000, 101000.734375, 0.702432
3, 69301, 13.480000, 101001.875000, 0.708311
3, 69602, 13.350000, 101003.695312, 0.715273
3, 69901, 13.210000, 101001.750000, 0.721426
3, 70201, 13.080000, 101000.949219, 0.723193
3, 70502, 12.970000, 100998.125000, 0.728184
3, 70801, 12.850000, 100999.320312, 0.734248
3, 71101, 12.770000, 100991.570312, 0.735859
3, 71402, 12.660000, 100989.890625, 0.739092
3, 71701, 12.590000, 100988.640625, 0.741279
3, 72001, 12.520000, 100984.269531, 0.740713
3, 72301, 12.450000, 100980.195312, 0.747637
3, 72601, 12.370000, 100977.019531, 0.748828
3, 72902, 12.300000, 100972.085938, 0.758145
3, 73201, 12.240000, 100970.445312, 0.759365
3, 73501, 12.190000, 100968.125000, 0.753779
3, 73802, 12.150000, 100961.320312, 0.761289
3, 74101, 12.150000, 100958.253906, 0.762695
3, 74401, 12.150000, 100957.218750, 0.760195
3, 74701, 12.230000, 100959.164062, 0.742314
3, 75001, 12.230000, 100957.285156, 0.762949
3, 75302, 12.260000, 100955.109375, 0.754561
3, 75601, 12.280000, 100952.164062, 0.750850
3, 75901, 12.420000, 100945.179688, 0.734951
3, 76202, 12.450000, 100936.808594, 0.753896
3, 76501, 12.490000, 100938.992188, 0.745293
3, 76801, 12.650000, 100937.890625, 0.724668
3, 77101, 12.700000, 100941.015625, 0.733896
3, 77401, 12.740000, 100939.433594, 0.731523
3, 77702, 12.780000, 100937.679688, 0.727090
3, 78001, 12.800000, 100939.261719, 0.726143
3, 78301, 12.790000, 100936.484375, 0.739531
3, 78602, 12.810000, 100934.855469, 0.727354
3, 78901, 12.840000, 100933.273438, 0.727090
3, 79201, 12.850000, 100934.382812, 0.732275
3, 79502, 12.910000, 100935.281250, 0.734658
3, 79801, 12.930000, 100933.781250, 0.737129
3, 80101, 12.970000, 100928.859375, 0.737187
3, 80401, 12.980000, 100924.750000, 0.731152
3, 80701, 12.990000, 100921.113281, 0.729971
3, 81002, 12.960000, 100919.574219, 0.736963
3, 81301, 12.940000, 100911.105469, 0.736719
3, 81601, 12.880000, 100905.636719, 0.742217
3, 81902, 12.810000, 100902.734375, 0.747256
3, 82201, 12.740000, 100900.386719, 0.749111
3, 82501, 12.670000, 100897.140625, 0.750205
3, 82801, 12.610000, 100894.234375, 0.749443
3, 83101, 12.510000, 100889.316406, 0.762568
3, 83402, 12.440000, 100890.851562, 0.764092
3, 83701, 12.350000, 100889.691406, 0.769414
3, 84001, 12.300000, 100886.011719, 0.767246
3, 84302, 12.240000, 100888.058594, 0.778779
3, 84601, 12.310000, 100887.765625, 0.763203
3, 84901, 12.370000, 100887.726562, 0.768477
3, 85201, 12.410000, 100885.253906, 0.764492
3, 85501, 12.510000, 100884.488281, 0.755215
3, 85802, 12.520000, 100885.980469, 0.766631
3, 86101, 12.590000, 100885.683594, 0.755889
4, 1, 12.780000, 100876.390625, 0.740947
4, 302, 12.990000, 100872.121094, 0.738662
4, 601, 13.180000, 100870.710938, 0.732373
4, 901, 13.320000, 100867.144531, 0.719180
4, 1201, 13.450000, 100867.222656, 0.729531
4, 1501, 13.620000, 100866.847656, 0.705557
4, 1801, 13.660000, 100877.968750, 0.717187
4, 2101, 13.640000, 100880.503906, 0.712090
4, 2401, 13.660000, 100881.695312, 0.706719
4, 2702, 13.740000, 100881.570312, 0.701006
4, 3001, 13.830000, 100880.062500, 0.692119
4, 3301, 13.800000, 100880.039062, 0.710596
4, 3602, 13.900000, 100871.843750, 0.690117
4, 3901, 13.960000, 100863.496094, 0.689102
4, 4201, 14.070000, 100856.695312, 0.681768
4, 4501, 14.180000, 100851.480469, 0.673750
4, 4801, 14.240000, 100854.003906, 0.683916
4, 5102, 14.360000, 100850.570312, 0.669717
4, 5401, 14.470000, 100852.609375, 0.658506
4, 5701, 14.570000, 100848.964844, 0.663623
4, 6002, 14.660000, 100848.285156, 0.651797
4, 6301, 14.700000, 100844.816406, 0.658730
4, 6601, 14.760000, 100840.843750, 0.645537
4, 6902, 14.740000, 100835.554688, 0.655459
4, 7201, 14.790000, 100827.949219, 0.649229
4, 7501, 14.840000, 100822.406250, 0.649629
4, 7801, 14.910000, 100818.679688, 0.640654
4, 8101, 14.910000, 100817.824219, 0.643535
4, 8402, 14.930000, 100813.511719, 0.643564
4, 8701, 14.930000, 100808.230469, 0.643242
4, 9001, 14.870000, 100799.375000, 0.654229
4, 9302, 14.830000, 100789.156250, 0.651611
4, 9601, 14.750000, 100783.027344, 0.671631
4, 9901, 14.670000, 100773.328125, 0.652490
4, 10201, 14.610000, 100770.519531, 0.671201
4, 10501, 14.570000, 100766.097656, 0.660742
4, 10802, 14.420000, 100763.671875, 0.683193
4, 11101, 14.370000, 100763.734375, 0.673486
4, 11401, 14.430000, 100757.316406, 0.659541
4, 11702, 14.580000, 100755.925781, 0.647148
4, 12001, 14.630000, 100748.312500, 0.647227
4, 12301, 14.740000, 100741.683594, 0.641172
4, 12602, 14.840000, 100734.656250, 0.634121
4, 12901, 14.870000, 100734.148438, 0.640273
4, 13201, 14.930000, 100730.000000, 0.629922
4, 13501, 14.960000, 100729.269531, 0.633643
4, 13801, 14.980000, 100733.242188, 0.631436
4, 14102, 14.960000, 100737.386719, 0.639834
4, 14401, 14.920000, 100740.433594, 0.636572
4, 14701, 14.880000, 100742.074219, 0.638828
4, 15002, 14.850000, 100741.855469, 0.647100
4, 15301, 14.720000, 100736.160156, 0.658545
4, 15601, 14.630000, 100741.753906, 0.655420
4, 15901, 14.500000, 100745.535156, 0.664629
4, 16201, 14.350000, 100750.375000, 0.672578
4, 16502, 14.230000, 100751.082031, 0.680684
4, 16801, 14.110000, 100753.121094, 0.681377
4, 17101, 14.000000, 100754.027344, 0.688281
4, 17402, 13.890000, 100755.527344, 0.689209
4, 17701, 13.760000, 100753.859375, 0.690781
4, 18001, 13.670000, 100754.394531, 0.691299
4, 18302, 13.560000, 100751.253906, 0.705244
4, 18601, 13.500000, 100751.546875, 0.697090
4, 18901, 13.570000, 100750.691406, 0.669404
4, 19201, 13.560000, 100753.824219, 0.686055
4, 19501, 13.500000, 100757.160156, 0.694111
4, 19802, 13.490000, 100754.171875, 0.686709
4, 20101, 13.480000, 100755.417969, 0.691328
4, 20401, 13.410000, 100756.441406, 0.700254
4, 20702, 13.410000, 100754.769531, 0.677549
4, 21001, 13.370000, 100750.554688, 0.697217
4, 21301, 13.440000, 100747.558594, 0.680459
4, 21601, 13.450000, 100743.316406, 0.687539
4, 21901, 13.480000, 100740.042969, 0.676885
4, 22202, 13.530000, 100733.503906, 0.668340
4, 22501, 13.590000, 100731.750000, 0.662383
4, 22801, 13.630000, 100729.496094, 0.672363
4, 23102, 13.620000, 100733.058594, 0.671133
4, 23401, 13.680000, 100732.457031, 0.647598
4, 23701, 13.670000, 100732.812500, 0.666787
4, 24001, 13.590000, 100730.167969, 0.676719
4, 24301, 13.520000, 100727.687500, 0.683555
4, 24602, 13.410000, 100723.257812, 0.690234
4, 24901, 13.340000, 100722.277344, 0.667168
4, 25201, 13.240000, 100727.437500, 0.698213
4, 25502, 13.120000, 100727.031250, 0.704082
4, 25801, 12.990000, 100728.285156, 0.716992
4, 26101, 12.930000, 100726.773438, 0.727773
4, 26401, 12.880000, 100729.570312, 0.729785
4, 26701, 12.850000, 100730.996094, 0.760859
4, 27002, 12.850000, 100729.882812, 0.728975
4, 27301, 12.950000, 100727.109375, 0.700068
4, 27601, 13.020000, 100728.488281, 0.691045
4, 27902, 13.170000, 100729.871094, 0.690615
4, 28201, 13.410000, 100732.121094, 0.661875
4, 28501, 13.690000, 100732.710938, 0.645732
4, 28802, 13.860000, 100736.226562, 0.657246
4, 29101, 14.100000, 100734.699219, 0.632285
4, 29401, 14.260000, 100731.335938, 0.642471
4, 29701, 14.340000, 100725.808594, 0.641484
4, 30001, 14.460000, 100722.808594, 0.633799
4, 30302, 14.540000, 100719.632812, 0.630156
4, 30601, 14.610000, 100719.683594, 0.628711
4, 30901, 14.700000, 100723.363281, 0.618408
4, 31202, 14.780000, 100730.429688, 0.614316
4, 31501, 14.850000, 100733.101562, 0.621055
4, 31801, 14.890000, 100730.863281, 0.621113
4, 32101, 14.930000, 100729.261719, 0.617412
4, 32401, 15.010000, 100729.644531, 0.612295
4, 32702, 15.050000, 100731.261719, 0.621338
4, 33001, 15.090000, 100732.800781, 0.607754
4, 33301, 15.160000, 100735.328125, 0.606191
4, 33602, 15.210000, 100730.539062, 0.599590
4, 33901, 15.270000, 100725.558594, 0.599121
4, 34201, 15.340000, 100714.171875, 0.602432
4, 34501, 15.390000, 100705.796875, 0.595400
4, 34801, 15.440000, 100695.882812, 0.601025
4, 35102, 15.500000, 100689.535156, 0.587646
4, 35401, 15.580000, 100695.246094, 0.586104
4, 35701, 15.640000, 100699.398438, 0.583066
4, 36002, 15.710000, 100706.726562, 0.579932
4, 36301, 15.760000, 100712.113281, 0.574209
4, 36601, 15.730000, 100719.414062, 0.589189
4, 36902, 15.710000, 100723.320312, 0.594053
4, 37201, 15.720000, 100730.261719, 0.586953
4, 37501, 15.720000, 100729.363281, 0.580156
4, 37801, 15.730000, 100729.343750, 0.579404
4, 38101, 15.730000, 100727.113281, 0.570508
4, 38402, 15.770000, 100724.644531, 0.575547
4, 38701, 15.790000, 100721.425781, 0.576807
4, 39001, 15.810000, 100719.968750, 0.576396
4, 39302, 15.830000, 100719.597656, 0.573867
4, 39601, 15.860000, 100716.972656, 0.573457
4, 39901, 15.860000, 100713.742188, 0.571006
4, 40201, 15.860000, 100713.535156, 0.560771
4, 40501, 15.850000, 100711.101562, 0.569883
4, 40802, 15.820000, 100709.597656, 0.615098
4, 41101, 15.790000, 100712.738281, 0.629727
4, 41401, 15.710000, 100710.164062, 0.620947
4, 41702, 15.650000, 100704.160156, 0.668467
4, 42001, 15.620000, 100702.312500, 0.618594
4, 42301, 15.630000, 100692.843750, 0.595947
4, 42601, 15.630000, 100693.757812, 0.601826
4, 42901, 15.610000, 100692.875000, 0.601250
4, 43201, 15.590000, 100687.882812, 0.628437
4, 43501, 15.560000, 100677.535156, 0.599844
4, 43801, 15.520000, 100675.191406, 0.611904
4, 44102, 15.490000, 100670.343750, 0.626074
4, 44401, 15.370000, 100667.781250, 0.699287
4, 44701, 15.210000, 100671.457031, 0.776855
4, 45002, 15.070000, 100669.558594, 0.776719
4, 45301, 14.910000, 100664.621094, 0.790898
4, 45601, 14.780000, 100658.218750, 0.784053
4, 45901, 14.690000, 100649.324219, 0.789971
4, 46201, 14.610000, 100644.449219, 0.788154
4, 46502, 14.540000, 100637.718750, 0.811816
4, 46801, 14.490000, 100630.574219, 0.815918
4, 47101, 14.440000, 100623.554688, 0.794463
4, 47402, 14.350000, 100611.843750, 0.815107
4, 47701, 14.250000, 100600.039062, 0.822295
4, 48001, 14.180000, 100591.843750, 0.825254
4, 48301, 14.100000, 100587.269531, 0.841045
4, 48601, 14.050000, 100590.656250, 0.845469
4, 48902, 13.970000, 100592.675781, 0.848164
4, 49201, 13.890000, 100590.320312, 0.853496
4, 49501, 13.780000, 100581.898438, 0.859668
4, 49802, 13.710000, 100570.917969, 0.852959
4, 50101, 13.670000, 100574.945312, 0.864482
4, 50401, 13.590000, 100568.937500, 0.847324
4, 50702, 13.550000, 100574.453125, 0.861504
4, 51001, 13.480000, 100575.550781, 0.859189
4, 51301, 13.410000, 100566.316406, 0.857725
4, 51601, 13.320000, 100553.164062, 0.860850
4, 51901, 13.290000, 100536.558594, 0.868242
4, 52202, 13.250000, 100521.312500, 0.870010
4, 52501, 13.200000, 100509.753906, 0.873887
4, 52801, 13.190000, 100502.570312, 0.875488
4, 53102, 13.190000, 100499.531250, 0.877373
4, 53401, 13.180000, 100497.195312, 0.876680
4, 53701, 13.170000, 100489.671875, 0.876768
4, 54001, 13.120000, 100482.269531, 0.873047
4, 54301, 13.070000, 100472.000000, 0.869883
4, 54601, 13.030000, 100460.437500, 0.876055
4, 54901, 13.010000, 100453.097656, 0.879326
4, 55201, 13.000000, 100443.179688, 0.880273
4, 55502, 13.000000, 100432.914062, 0.877646
4, 55801, 13.010000, 100424.437500, 0.880186
4, 56101, 13.010000, 100413.656250, 0.877334
4, 56402, 12.990000, 100397.671875, 0.875000
4, 56701, 12.960000, 100392.917969, 0.880068
4, 57001, 12.950000, 100391.687500, 0.876328
4, 57301, 12.920000, 100394.058594, 0.878486
4, 57601, 12.930000, 100393.628906, 0.883408
4, 57902, 12.940000, 100386.429688, 0.881133
4, 58201, 12.950000, 100371.277344, 0.879941
4, 58501, 12.980000, 100355.808594, 0.890508
4, 58802, 12.980000, 100340.960938, 0.898965
4, 59101, 12.990000, 100340.265625, 0.893281
4, 59401, 13.030000, 100326.878906, 0.903105
4, 59701, 13.060000, 100322.863281, 0.895186
4, 60001, 13.120000, 100325.023438, 0.908418
4, 60302, 13.160000, 100320.648438, 0.900215
4, 60601, 13.200000, 100316.457031, 0.902236
4, 60901, 13.200000, 100323.210938, 0.887695
4, 61202, 13.220000, 100316.777344, 0.886836
4, 61501, 13.210000, 100308.312500, 0.884424
4, 61801, 13.210000, 100309.085938, 0.883330
4, 62102, 13.180000, 100311.132812, 0.883916
4, 62401, 13.140000, 100312.625000, 0.881973
4, 62701, 13.100000, 100306.125000, 0.880146
4, 63001, 13.040000, 100298.242188, 0.880693
4, 63301, 13.000000, 100286.605469, 0.877754
4, 63602, 12.950000, 100279.050781, 0.880049
4, 63901, 12.900000, 100271.757812, 0.880508
4, 64201, 12.840000, 100266.941406, 0.882803
4, 64502, 12.780000, 100270.816406, 0.883770
4, 64801, 12.740000, 100276.722656, 0.882256
4, 65101, 12.690000, 100278.867188, 0.884248
4, 65401, 12.650000, 100274.468750, 0.886563
4, 65701, 12.600000, 100266.558594, 0.884619
4, 66002, 12.570000, 100251.796875, 0.884766
4, 66301, 12.540000, 100234.519531, 0.885918
4, 66601, 12.500000, 100228.625000, 0.887031
4, 66902, 12.470000, 100229.285156, 0.886006
4, 67201, 12.450000, 100234.957031, 0.885186
4, 67501, 12.430000, 100242.878906, 0.884492
4, 67801, 12.400000, 100239.871094, 0.882139
4, 68101, 12.360000, 100247.046875, 0.887529
4, 68402, 12.340000, 100251.425781, 0.887930
4, 68701, 12.310000, 100250.175781, 0.886982
4, 69001, 12.270000, 100240.636719, 0.885703
4, 69302, 12.230000, 100233.414062, 0.886270
4, 69601, 12.200000, 100225.839844, 0.880088
4, 69901, 12.140000, 100228.503906, 0.879541
4, 70201, 12.090000, 100226.796875, 0.877480
4, 70501, 12.030000, 100226.679688, 0.875498
4, 70801, 11.970000, 100219.304688, 0.872422
4, 71101, 11.900000, 100215.343750, 0.866152
4, 71401, 11.820000, 100213.996094, 0.867861
4, 71702, 11.750000, 100209.144531, 0.869570
4, 72001, 11.680000, 100200.707031, 0.865166
4, 72301, 11.590000, 100197.441406, 0.864990
4, 72602, 11.520000, 100198.128906, 0.868135
4, 72901, 11.430000, 100194.433594, 0.869385
4, 73201, 11.360000, 100199.042969, 0.872295
4, 73501, 11.270000, 100202.167969, 0.870264
4, 73801, 11.200000, 100204.511719, 0.862168
4, 74102, 11.120000, 100210.480469, 0.868877
4, 74401, 11.060000, 100229.148438, 0.868330
4, 74701, 10.970000, 100243.128906, 0.871113
4, 75002, 10.920000, 100255.214844, 0.877744
4, 75301, 10.860000, 100257.718750, 0.880791
4, 75601, 10.790000, 100258.976562, 0.884258
4, 75902, 10.750000, 100256.898438, 0.886260
4, 76201, 10.730000, 100249.148438, 0.890557
4, 76501, 10.710000, 100247.148438, 0.890840
4, 76801, 10.700000, 100245.875000, 0.891787
4, 77101, 10.670000, 100237.402344, 0.896758
4, 77402, 10.640000, 100234.683594, 0.893203
4, 77701, 10.620000, 100238.566406, 0.899258
4, 78001, 10.610000, 100241.593750, 0.904463
4, 78302, 10.600000, 100235.632812, 0.903027
4, 78601, 10.610000, 100228.726562, 0.905225
4, 78901, 10.610000, 100215.812500, 0.902832
4, 79201, 10.630000, 100200.339844, 0.905811
4, 79501, 10.660000, 100188.863281, 0.907393
4, 79802, 10.680000, 100173.941406, 0.908213
4, 80101, 10.700000, 100157.480469, 0.909336
4, 80401, 10.720000, 100151.082031, 0.910449
4, 80702, 10.750000, 100149.875000, 0.915635
4, 81001, 10.770000, 100147.476562, 0.916025
4, 81301, 10.800000, 100141.835938, 0.919023
4, 81601, 10.820000, 100141.144531, 0.921885
4, 81901, 10.870000, 100129.300781, 0.927012
4, 82202, 10.910000, 100123.058594, 0.927617
4, 82501, 10.930000, 100122.828125, 0.925801
4, 82801, 10.960000, 100121.488281, 0.928057
4, 83102, 11.010000, 100118.863281, 0.930879
4, 83401, 11.070000, 100113.238281, 0.930889
4, 83701, 11.130000, 100099.125000, 0.938623
4, 84001, 11.170000, 100076.023438, 0.938945
4, 84301, 11.230000, 100055.675781, 0.936904
4, 84602, 11.260000, 100036.542969, 0.931729
4, 84901, 11.280000, 100025.476562, 0.931113
4, 85201, 11.310000, 100009.453125, 0.926621
4, 85502, 11.330000, 99997.316406, 0.922061
4, 85801, 11.350000, 99995.125000, 0.919287
4, 86101, 11.350000, 99993.839844, 0.918525
5, 2, 11.370000, 99992.375000, 0.915605
5, 301, 11.380000, 99985.664062, 0.916201
5, 601, 11.380000, 99981.265625, 0.915547
5, 901, 11.390000, 99981.769531, 0.916221
5, 1201, 11.390000, 99969.953125, 0.921768
5, 1502, 11.400000, 99945.750000, 0.922344
5, 1801, 11.350000, 99933.691406, 0.944668
5, 2101, 11.340000, 99921.707031, 0.947812
5, 2402, 11.340000, 99920.300781, 0.927656
5, 2701, 11.360000, 99922.761719, 0.927920
5, 3001, 11.390000, 99933.863281, 0.926338
5, 3301, 11.390000, 99963.937500, 0.927754
5, 3601, 11.230000, 99992.496094, 0.929082
5, 3902, 10.950000, 99999.476562, 0.921074
5, 4201, 10.750000, 99976.703125, 0.911719
5, 4501, 10.620000, 99967.894531, 0.900986
5, 4802, 10.510000, 99955.441406, 0.901318
5, 5101, 10.470000, 99933.566406, 0.922568
5, 5401, 10.400000, 99923.093750, 0.912295
5, 5701, 10.350000, 99911.207031, 0.912178
5, 6001, 10.290000, 99891.824219, 0.911416
5, 6302, 10.220000, 99869.515625, 0.898555
5, 6601, 10.200000, 99848.113281, 0.918174
5, 6901, 10.180000, 99826.156250, 0.918359
5, 7202, 10.160000, 99806.242188, 0.916143
5, 7501, 10.140000, 99799.445312, 0.922607
5, 7801, 10.140000, 99799.613281, 0.924346
5, 8102, 10.140000, 99795.019531, 0.915977
5, 8401, 10.130000, 99795.496094, 0.933691
5, 8701, 10.110000, 99795.078125, 0.926484
5, 9001, 10.090000, 99789.179688, 0.923926
5, 9301, 10.060000, 99791.328125, 0.917471
5, 9602, 10.040000, 99792.070312, 0.915781
5, 9901, 10.020000, 99788.769531, 0.909639
5, 10201, 9.940000, 99789.292969, 0.907314
5, 10502, 9.900000, 99786.125000, 0.915820
5, 10801, 9.910000, 99779.910156, 0.916387
5, 11101, 9.900000, 99779.144531, 0.920928
5, 11401, 9.940000, 99777.375000, 0.923174
5, 11701, 9.940000, 99787.929688, 0.919160
5, 12002, 9.980000, 99793.343750, 0.912949
5, 12301, 10.010000, 99803.160156, 0.912578
5, 12601, 10.020000, 99814.691406, 0.916377
5, 12902, 10.050000, 99826.121094, 0.915264
5, 13201, 10.100000, 99833.582031, 0.903291
5, 13501, 10.100000, 99841.453125, 0.893398
5, 13801, 10.100000, 99853.757812, 0.897207
5, 14101, 10.130000, 99863.914062, 0.885947
5, 14401, 10.100000, 99875.472656, 0.886982
5, 14701, 10.090000, 99886.839844, 0.899687
5, 15001, 10.080000, 99896.472656, 0.878350
5, 15302, 10.040000, 99901.691406, 0.863037
5, 15601, 10.010000, 99913.835938, 0.851123
5, 15901, 10.000000, 99926.910156, 0.882861
5, 16202, 9.960000, 99942.214844, 0.875498
5, 16501, 9.910000, 99960.832031, 0.854209
5, 16801, 9.830000, 99970.828125, 0.847041
5, 17101, 9.720000, 99983.968750, 0.799824
5, 17401, 9.560000, 100004.941406, 0.773037
5, 17702, 9.440000, 100020.785156, 0.812910
5, 18001, 9.330000, 100034.246094, 0.805625
5, 18301, 9.250000, 100046.324219, 0.823428
5, 18602, 9.200000, 100051.898438, 0.847041
5, 18901, 9.150000, 100055.042969, 0.856055
5, 19201, 9.060000, 100065.707031, 0.847187
5, 19501, 8.950000, 100080.609375, 0.864600
5, 19801, 8.860000, 100094.656250, 0.845400
5, 20102, 8.760000, 100108.699219, 0.880059
5, 20401, 8.710000, 100123.675781, 0.876045
5, 20701, 8.670000, 100132.839844, 0.838730
5, 21002, 8.600000, 100140.632812, 0.827207
5, 21301, 8.550000, 100143.414062, 0.833828
5, 21601, 8.490000, 100149.246094, 0.855430
5, 21902, 8.420000, 100153.207031, 0.825674
5, 22201, 8.370000, 100146.300781, 0.846943
5, 22501, 8.270000, 100146.292969, 0.832754
5, 22801, 8.190000, 100143.738281, 0.826953
5, 23101, 8.080000, 100140.453125, 0.821562
5, 23402, 8.020000, 100138.164062, 0.845938
5, 23701, 7.960000, 100137.535156, 0.826104
5, 24001, 7.890000, 100140.328125, 0.832139
5, 24302, 7.830000, 100146.988281, 0.820205
5, 24601, 7.770000, 100156.574219, 0.834082
5, 24901, 7.720000, 100169.175781, 0.823789
5, 25201, 7.700000, 100173.023438, 0.835146
5, 25501, 7.680000, 100174.753906, 0.844756
5, 25802, 7.670000, 100179.789062, 0.828906
5, 26101, 7.740000, 100184.546875, 0.898096
5, 26401, 7.750000, 100190.449219, 0.836953
5, 26702, 7.750000, 100202.117188, 0.830684
5, 27001, 7.790000, 100214.105469, 0.819688
5, 27301, 7.810000, 100221.339844, 0.818213
5, 27601, 7.840000, 100226.582031, 0.837891
5, 27901, 7.890000, 100236.683594, 0.841484
5, 28202, 7.980000, 100236.414062, 0.839238
5, 28501, 8.060000, 100239.402344, 0.836797
5, 28801, 8.160000, 100244.574219, 0.807803
5, 29102, 8.240000, 100259.613281, 0.823486
5, 29401, 8.290000, 100272.347656, 0.813262
5, 29701, 8.340000, 100278.878906, 0.818877
5, 30001, 8.380000, 100288.503906, 0.844473
5, 30301, 8.440000, 100291.988281, 0.829189
5, 30602, 8.480000, 100299.238281, 0.842607
5, 30901, 8.540000, 100298.511719, 0.830791
5, 31201, 8.570000, 100299.335938, 0.798359
5, 31502, 8.670000, 100300.460938, 0.823848
5, 31801, 8.840000, 100308.253906, 0.825596
5, 32101, 9.010000, 100305.453125, 0.797959
5, 32402, 9.150000, 100300.632812, 0.792676
5, 32701, 9.260000, 100304.843750, 0.783604
5, 33001, 9.330000, 100306.703125, 0.776328
5, 33301, 9.380000, 100308.972656, 0.791123
5, 33601, 9.430000, 100314.167969, 0.788281
5, 33902, 9.460000, 100322.558594, 0.792793
5, 34201, 9.480000, 100325.968750, 0.780088
5, 34501, 9.500000, 100336.394531, 0.769434
5, 34802, 9.540000, 100336.792969, 0.779199
5, 35101, 9.550000, 100338.460938, 0.776523
5, 35401, 9.580000, 100334.765625, 0.792256
5, 35701, 9.610000, 100334.136719, 0.804629
5, 36001, 9.590000, 100337.621094, 0.779736
5, 36302, 9.570000, 100340.929688, 0.814238
5, 36601, 9.560000, 100345.691406, 0.810518
5, 36901, 9.570000, 100355.054688, 0.796592
5, 37202, 9.560000, 100353.734375, 0.781865
5, 37501, 9.570000, 100356.035156, 0.792471
5, 37801, 9.580000, 100356.886719, 0.783428
5, 38101, 9.600000, 100355.066406, 0.779424
5, 38401, 9.670000, 100359.046875, 0.779990
5, 38702, 9.660000, 100365.343750, 0.783789
5, 39001, 9.680000, 100365.730469, 0.794941
5, 39301, 9.700000, 100365.566406, 0.798682
5, 39602, 9.770000, 100364.777344, 0.823545
5, 39901, 9.830000, 100359.945312, 0.779951
5, 40201, 9.880000, 100366.640625, 0.781025
5, 40502, 9.920000, 100372.476562, 0.784580
5, 40801, 9.990000, 100371.089844, 0.807178
5, 41102, 10.110000, 100373.796875, 0.820596
5, 41401, 10.170000, 100381.851562, 0.778154
5, 41701, 10.200000, 100378.492188, 0.775166
5, 42002, 10.300000, 100373.859375, 0.791396
5, 42301, 10.380000, 100370.503906, 0.758545
5, 42601, 10.470000, 100360.621094, 0.751260
5, 42901, 10.610000, 100359.808594, 0.784189
5, 43201, 10.700000, 100359.246094, 0.749248
5, 43502, 10.720000, 100359.500000, 0.769082
5, 43801, 10.750000, 100358.433594, 0.770879
5, 44101, 10.780000, 100356.167969, 0.759033
5, 44402, 10.770000, 100358.343750, 0.763154
5, 44701, 10.770000, 100363.332031, 0.754385
5, 45001, 10.770000, 100368.531250, 0.769492
5, 45301, 10.760000, 100370.277344, 0.766523
5, 45601, 10.790000, 100367.843750, 0.769414
5, 45902, 10.850000, 100366.601562, 0.768877
5, 46201, 10.880000, 100362.324219, 0.762471
5, 46501, 10.910000, 100364.492188, 0.757158
5, 46802, 10.910000, 100358.011719, 0.771055
5, 47101, 10.910000, 100358.863281, 0.755186
5, 47401, 10.940000, 100355.234375, 0.772959
5, 47701, 11.000000, 100349.593750, 0.756006
5, 48001, 11.030000, 100346.941406, 0.750576
5, 48302, 11.060000, 100349.960938, 0.752393
5, 48601, 11.100000, 100353.363281, 0.752891
5, 48901, 11.130000, 100348.707031, 0.779844
5, 49202, 11.150000, 100348.101562, 0.793457
5, 49501, 11.140000, 100347.082031, 0.791055
5, 49801, 11.100000, 100359.929688, 0.832168
5, 50101, 11.060000, 100365.613281, 0.845420
5, 50401, 10.930000, 100372.890625, 0.844609
5, 50702, 10.850000, 100384.890625, 0.871055
5, 51001, 10.730000, 100396.367188, 0.872051
5, 51301, 10.680000, 100405.488281, 0.890352
5, 51602, 10.610000, 100422.066406, 0.890312
5, 51901, 10.530000, 100427.046875, 0.897002
5, 52201, 10.490000, 100438.675781, 0.897578
5, 52501, 10.480000, 100445.449219, 0.908984
5, 52801, 10.470000, 100454.906250, 0.903965
5, 53102, 10.450000, 100464.914062, 0.905752
5, 53401, 10.390000, 100472.191406, 0.894873
5, 53701, 10.340000, 100472.644531, 0.906729
5, 54002, 10.320000, 100476.261719, 0.909639
5, 54301, 10.290000, 100477.363281, 0.915869
5, 54601, 10.330000, 100479.925781, 0.917363
5, 54901, 10.410000, 100478.414062, 0.920361
5, 55201, 10.520000, 100483.718750, 0.913311
5, 55502, 10.620000, 100490.468750, 0.917871
5, 55801, 10.740000, 100498.238281, 0.915615
5, 56101, 10.830000, 100498.843750, 0.914287
5, 56402, 10.920000, 100507.152344, 0.914678
5, 56701, 11.000000, 100514.875000, 0.920293
5, 57001, 11.100000, 100517.519531, 0.912227
5, 57302, 11.230000, 100522.164062, 0.909883
5, 57601, 11.330000, 100525.656250, 0.926748
5, 57901, 11.400000, 100533.671875, 0.925615
5, 58202, 11.460000, 100541.304688, 0.924971
5, 58501, 11.540000, 100548.125000, 0.925342
5, 58802, 11.590000, 100560.281250, 0.903535
5, 59101, 11.630000, 100569.242188, 0.909072
5, 59401, 11.670000, 100584.902344, 0.904785
5, 59702, 11.680000, 100598.988281, 0.913633
5, 60001, 11.680000, 100613.671875, 0.912764
5, 60301, 11.670000, 100625.929688, 0.912002
5, 60602, 11.680000, 100639.203125, 0.912998
5, 60901, 11.650000, 100650.730469, 0.901494
5, 61201, 11.600000, 100662.640625, 0.903232
5, 61501, 11.550000, 100683.296875, 0.907373
5, 61801, 11.440000, 100695.578125, 0.913047
5, 62102, 11.360000, 100710.453125, 0.915273
5, 62401, 11.300000, 100727.507812, 0.916562
5, 62701, 11.230000, 100737.687500, 0.914463
5, 63001, 11.190000, 100746.671875, 0.911445
5, 63301, 11.150000, 100755.320312, 0.916143
5, 63602, 11.100000, 100763.875000, 0.913320
5, 63901, 11.050000, 100774.562500, 0.908535
5, 64201, 11.010000, 100785.589844, 0.912822
5, 64502, 10.980000, 100800.968750, 0.913184
5, 64801, 10.960000, 100815.195312, 0.907461
5, 65101, 10.900000, 100830.691406, 0.910615
5, 65401, 10.850000, 100849.085938, 0.900693
5, 65701, 10.810000, 100867.183594, 0.890820
5, 66002, 10.710000, 100883.011719, 0.888447
5, 66301, 10.600000, 100899.121094, 0.883633
5, 66601, 10.520000, 100911.968750, 0.884902
5, 66901, 10.430000, 100926.460938, 0.881445
5, 67201, 10.380000, 100940.050781, 0.884619
5, 67502, 10.340000, 100953.089844, 0.891182
5, 67801, 10.260000, 100966.929688, 0.873369
5, 68101, 10.190000, 100981.171875, 0.881182
5, 68402, 10.160000, 100992.585938, 0.889395
5, 68701, 10.090000, 101005.164062, 0.882285
5, 69001, 10.060000, 101015.351562, 0.862334
5, 69302, 10.140000, 101022.550781, 0.903154
5, 69601, 10.150000, 101033.679688, 0.869248
5, 69902, 10.150000, 101046.843750, 0.884697
5, 70201, 10.100000, 101061.296875, 0.856182
5, 70501, 10.040000, 101074.386719, 0.870225
5, 70801, 9.980000, 101085.371094, 0.851162
5, 71101, 9.910000, 101101.410156, 0.853857
5, 71401, 9.790000, 101112.347656, 0.853301
5, 71701, 9.730000, 101119.074219, 0.875381
5, 72001, 9.660000, 101125.007812, 0.845215
5, 72302, 9.620000, 101135.070312, 0.848408
5, 72601, 9.560000, 101141.988281, 0.842520
5, 72901, 9.530000, 101149.527344, 0.848555
5, 73202, 9.490000, 101163.152344, 0.861074
5, 73501, 9.470000, 101174.820312, 0.849512
5, 73801, 9.420000, 101186.042969, 0.854648
5, 74101, 9.390000, 101192.210938, 0.855352
5, 74401, 9.350000, 101199.031250, 0.845039
5, 74702, 9.280000, 101199.542969, 0.823154
5, 75001, 9.210000, 101204.695312, 0.842080
5, 75301, 9.190000, 101208.042969, 0.852871
5, 75602, 9.160000, 101213.898438, 0.826191
5, 75901, 9.090000, 101216.371094, 0.840195
5, 76201, 9.030000, 101218.886719, 0.834219
5, 76502, 8.990000, 101218.980469, 0.836758
5, 76801, 8.970000, 101221.476562, 0.827344
5, 77102, 8.910000, 101227.605469, 0.845596
5, 77401, 8.830000, 101236.804688, 0.822314
5, 77701, 8.780000, 101238.214844, 0.840566
5, 78002, 8.700000, 101240.679688, 0.848877
5, 78301, 8.610000, 101245.132812, 0.852207
5, 78601, 8.530000, 101255.144531, 0.836729
5, 78902, 8.470000, 101260.066406, 0.863418
5, 79201, 8.410000, 101262.343750, 0.838994
5, 79501, 8.370000, 101263.667969, 0.850313
5, 79801, 8.330000, 101266.468750, 0.853926
5, 80101, 8.330000, 101264.089844, 0.853496
5, 80402, 8.330000, 101269.015625, 0.865957
5, 80701, 8.350000, 101269.519531, 0.859707
5, 81001, 8.370000, 101273.085938, 0.856387
5, 81301, 8.380000, 101274.851562, 0.827539
5, 81601, 8.380000, 101276.332031, 0.850762
5, 81901, 8.380000, 101277.058594, 0.866699
5, 82201, 8.390000, 101277.035156, 0.863779
5, 82501, 8.380000, 101275.484375, 0.854883
5, 82802, 8.340000, 101276.074219, 0.865850
5, 83101, 8.290000, 101277.351562, 0.866299
5, 83401, 8.210000, 101280.617188, 0.863984
5, 83702, 8.120000, 101286.429688, 0.863477
5, 84001, 8.040000, 101292.722656, 0.867012
5, 84301, 7.960000, 101296.753906, 0.868564
5, 84601, 7.880000, 101294.019531, 0.870479
5, 84901, 7.820000, 101298.941406, 0.869805
5, 85202, 7.760000, 101303.160156, 0.870215
5, 85501, 7.730000, 101303.425781, 0.883711
5, 85801, 7.690000, 101306.839844, 0.882422
5, 86102, 7.640000, 101308.332031, 0.875303
6, 1, 7.600000, 101313.152344, 0.880527
6, 301, 7.570000, 101317.511719, 0.882393
6, 601, 7.530000, 101324.246094, 0.882109
6, 901, 7.510000, 101329.351562, 0.884883
6, 1202, 7.480000, 101337.128906, 0.883203
6, 1501, 7.490000, 101335.699219, 0.890029
6, 1801, 7.480000, 101335.554688, 0.892285
6, 2102, 7.470000, 101332.761719, 0.893437
6, 2401, 7.460000, 101334.093750, 0.897217
6, 2701, 7.450000, 101335.132812, 0.894482
6, 3001, 7.450000, 101335.472656, 0.897617
6, 3301, 7.460000, 101333.707031, 0.896338
6, 3601, 7.470000, 101332.324219, 0.848652
6, 3901, 7.520000, 101330.687500, 0.887041
6, 4201, 7.540000, 101329.378906, 0.896289
6, 4502, 7.540000, 101332.414062, 0.878662
6, 4801, 7.570000, 101329.167969, 0.895264
6, 5101, 7.590000, 101327.449219, 0.898330
6, 5402, 7.600000, 101330.480469, 0.890996
6, 5701, 7.610000, 101328.691406, 0.899248
6, 6001, 7.630000, 101328.570312, 0.900264
6, 6301, 7.630000, 101325.519531, 0.873437
6, 6601, 7.650000, 101325.058594, 0.877998
6, 6902, 7.660000, 101326.367188, 0.881182
6, 7201, 7.670000, 101324.308594, 0.872305
6, 7501, 7.660000, 101324.261719, 0.891777
6, 7802, 7.650000, 101323.167969, 0.842187
6, 8101, 7.650000, 101321.929688, 0.887002
6, 8401, 7.650000, 101320.062500, 0.886572
6, 8701, 7.680000, 101315.339844, 0.888135
6, 9001, 7.670000, 101313.375000, 0.892441
6, 9302, 7.660000, 101311.703125, 0.889619
6, 9601, 7.650000, 101309.617188, 0.883193
6, 9901, 7.590000, 101307.699219, 0.882344
6, 10202, 7.540000, 101306.816406, 0.876387
6, 10501, 7.460000, 101310.246094, 0.879902
6, 10801, 7.360000, 101313.210938, 0.873008
6, 11101, 7.280000, 101315.468750, 0.870234
6, 11401, 7.200000, 101312.324219, 0.865869
6, 11701, 7.110000, 101315.371094, 0.866982
6, 12001, 7.040000, 101316.609375, 0.861865
6, 12301, 6.940000, 101323.589844, 0.855947
6, 12602, 6.820000, 101322.984375, 0.848906
6, 12901, 6.690000, 101326.699219, 0.856328
6, 13201, 6.590000, 101328.242188, 0.862148
6, 13502, 6.480000, 101328.785156, 0.863027
6, 13801, 6.360000, 101330.285156, 0.871963
6, 14101, 6.270000, 101335.636719, 0.864551
6, 14401, 6.180000, 101341.863281, 0.865771
6, 14701, 6.110000, 101344.761719, 0.866592
6, 15002, 6.030000, 101347.046875, 0.867305
6, 15301, 5.960000, 101352.714844, 0.863496
6, 15601, 5.890000, 101356.664062, 0.863262
6, 15902, 5.820000, 101358.519531, 0.863018
6, 16201, 5.750000, 101360.386719, 0.875498
6, 16501, 5.660000, 101368.226562, 0.863789
6, 16801, 5.600000, 101379.761719, 0.868506
6, 17101, 5.530000, 101387.031250, 0.871699
6, 17402, 5.460000, 101391.980469, 0.876084
6, 17701, 5.390000, 101400.855469, 0.873242
6, 18001, 5.330000, 101408.265625, 0.874619
6, 18302, 5.280000, 101415.238281, 0.880664
6, 18601, 5.220000, 101419.722656, 0.872461
6, 18901, 5.160000, 101422.613281, 0.871279
6, 19201, 5.100000, 101421.316406, 0.873740
6, 19501, 5.060000, 101423.941406, 0.877217
6, 19801, 5.030000, 101424.742188, 0.878867
6, 20101, 4.990000, 101426.285156, 0.878574
6, 20401, 4.950000, 101430.492188, 0.878262
6, 20702, 4.900000, 101438.535156, 0.882021
6, 21001, 4.870000, 101444.382812, 0.913359
6, 21301, 4.880000, 101451.296875, 0.899717
6, 21602, 4.860000, 101457.234375, 0.904531
6, 21901, 4.900000, 101458.347656, 0.903945
6, 22201, 4.840000, 101459.371094, 0.882236
6, 22501, 4.830000, 101465.699219, 0.885117
6, 22801, 4.780000, 101469.664062, 0.874170
6, 23102, 4.740000, 101475.203125, 0.877637
6, 23401, 4.690000, 101481.882812, 0.881201
6, 23701, 4.630000, 101486.507812, 0.881494
6, 24002, 4.570000, 101490.222656, 0.875137
6, 24301, 4.520000, 101495.425781, 0.880195
6, 24601, 4.480000, 101499.824219, 0.884199
6, 24901, 4.430000, 101507.000000, 0.874121
6, 25201, 4.380000, 101514.183594, 0.880000
6, 25502, 4.350000, 101520.191406, 0.882949
6, 25801, 4.330000, 101525.796875, 0.886348
6, 26101, 4.300000, 101532.425781, 0.888652
6, 26402, 4.280000, 101537.746094, 0.890547
6, 26701, 4.250000, 101538.812500, 0.892939
6, 27001, 4.230000, 101543.792969, 0.900088
6, 27301, 4.220000, 101547.917969, 0.897383
6, 27601, 4.230000, 101550.773438, 0.902432
6, 27901, 4.240000, 101556.554688, 0.904072
6, 28201, 4.270000, 101559.097656, 0.911533
6, 28501, 4.300000, 101562.816406, 0.910088
6, 28802, 4.340000, 101569.945312, 0.920908
6, 29101, 4.400000, 101572.605469, 0.923623
6, 29401, 4.480000, 101574.792969, 0.925820
6, 29702, 4.570000, 101580.605469, 0.935664
6, 30001, 4.680000, 101584.976562, 0.935801
6, 30301, 4.830000, 101586.644531, 0.941377
6, 30601, 4.990000, 101587.992188, 0.953408
6, 30901, 5.170000, 101586.136719, 0.955322
6, 31202, 5.380000, 101589.226562, 0.958447
6, 31501, 5.610000, 101587.320312, 0.967363
6, 31801, 5.850000, 101587.371094, 0.969502
6, 32102, 6.190000, 101587.058594, 0.975859
6, 32401, 6.540000, 101586.289062, 0.957920
6, 32701, 6.860000, 101583.507812, 0.952812
6, 33001, 7.260000, 101583.332031, 0.833105
6, 33301, 7.640000, 101579.734375, 0.844756
6, 33602, 7.990000, 101577.234375, 0.781660
6, 33901, 8.290000, 101571.921875, 0.835635
6, 34201, 8.620000, 101563.046875, 0.765166
6, 34502, 8.890000, 101559.074219, 0.798613
6, 34801, 9.160000, 101552.496094, 0.736572
6, 35101, 9.380000, 101552.089844, 0.758994
6, 35402, 9.620000, 101549.066406, 0.760176
6, 35701, 9.870000, 101547.265625, 0.815020
6, 36001, 10.110000, 101545.132812, 0.722783
6, 36301, 10.420000, 101539.660156, 0.857686
6, 36601, 10.600000, 101536.679688, 0.678037
6, 36902, 10.830000, 101532.359375, 0.781855
6, 37201, 11.090000, 101527.933594, 0.784951
6, 37501, 11.320000, 101521.679688, 0.730488
6, 37802, 11.490000, 101521.511719, 0.685029
6, 38101, 11.640000, 101516.941406, 0.653281
6, 38401, 11.800000, 101512.113281, 0.717773
6, 38701, 11.950000, 101506.667969, 0.711006
6, 39001, 12.090000, 101495.261719, 0.705850
6, 39302, 12.180000, 101494.921875, 0.659365
6, 39601, 12.200000, 101486.656250, 0.653779
6, 39901, 12.180000, 101478.683594, 0.610684
6, 40202, 12.260000, 101471.335938, 0.702930
6, 40501, 12.270000, 101463.605469, 0.610801
6, 40801, 12.390000, 101457.492188, 0.689512
6, 41101, 12.580000, 101450.226562, 0.661943
6, 41401, 12.790000, 101438.046875, 0.677910
6, 41701, 12.940000, 101430.800781, 0.569873
6, 42001, 13.140000, 101425.843750, 0.621299
6, 42301, 13.250000, 101421.285156, 0.624775
6, 42602, 13.430000, 101416.320312, 0.584785
6, 42901, 13.550000, 101412.992188, 0.614248
6, 43201, 13.630000, 101408.230469, 0.589590
6, 43502, 13.780000, 101401.000000, 0.567754
6, 43801, 13.920000, 101387.031250, 0.537119
6, 44101, 13.990000, 101379.375000, 0.581758
6, 44401, 14.040000, 101371.195312, 0.559219
6, 44701, 14.250000, 101357.890625, 0.605938
6, 45002, 14.300000, 101347.472656, 0.527383
6, 45301, 14.450000, 101340.214844, 0.597451
6, 45601, 14.630000, 101334.707031, 0.567295
6, 45902, 14.720000, 101326.925781, 0.583291
6, 46201, 14.690000, 101317.363281, 0.518623
6, 46501, 14.710000, 101310.925781, 0.547852
6, 46801, 14.650000, 101305.742188, 0.553574
6, 47101, 14.610000, 101299.058594, 0.549629
6, 47402, 14.650000, 101295.531250, 0.583760
6, 47701, 14.820000, 101287.082031, 0.550557
6, 48001, 15.010000, 101278.906250, 0.542568
6, 48302, 15.230000, 101275.121094, 0.596172
6, 48601, 15.420000, 101268.265625, 0.496094
6, 48901, 15.240000, 101275.757812, 0.487100
6, 49201, 15.250000, 101275.796875, 0.515273
6, 49501, 15.280000, 101266.976562, 0.499502
6, 49801, 15.420000, 101264.570312, 0.558662
6, 50101, 15.410000, 101260.757812, 0.503330
6, 50401, 15.420000, 101258.515625, 0.514150
6, 50702, 15.400000, 101254.917969, 0.523242
6, 51001, 15.480000, 101252.035156, 0.476885
6, 51301, 15.450000, 101247.804688, 0.482197
6, 51601, 15.490000, 101240.777344, 0.490273
6, 51901, 15.550000, 101233.992188, 0.487100
6, 52201, 15.590000, 101230.871094, 0.524258
6, 52501, 15.600000, 101230.605469, 0.513682
6, 52801, 15.710000, 101227.171875, 0.507129
6, 53102, 15.930000, 101226.648438, 0.466328
6, 53401, 16.060000, 101223.792969, 0.497812
6, 53701, 16.310000, 101221.386719, 0.596201
6, 54002, 16.570000, 101219.398438, 0.488564
6, 54301, 16.790000, 101217.546875, 0.468018
6, 54601, 16.980000, 101217.867188, 0.478613
6, 54901, 17.290000, 101212.562500, 0.450625
6, 55201, 17.470000, 101210.273438, 0.410879
6, 55502, 17.530000, 101207.851562, 0.429902
6, 55801, 17.500000, 101203.160156, 0.412148
6, 56101, 17.530000, 101200.917969, 0.485713
6, 56402, 17.480000, 101196.507812, 0.405625
6, 56701, 17.670000, 101199.062500, 0.461660
6, 57001, 17.650000, 101199.226562, 0.407676
6, 57301, 17.760000, 101200.464844, 0.459062
6, 57601, 17.900000, 101202.683594, 0.442832
6, 57902, 17.970000, 101204.292969, 0.456592
6, 58201, 17.960000, 101205.769531, 0.457930
6, 58501, 18.030000, 101207.414062, 0.480205
6, 58802, 18.030000, 101206.128906, 0.454736
6, 59101, 18.050000, 101205.734375, 0.491670
6, 59401, 17.870000, 101201.136719, 0.463105
6, 59701, 17.610000, 101203.042969, 0.494082
6, 60001, 17.330000, 101210.785156, 0.501045
6, 60302, 16.990000, 101218.757812, 0.512168
6, 60601, 16.600000, 101220.601562, 0.519873
6, 60901, 16.250000, 101225.894531, 0.544756
6, 61202, 15.990000, 101228.238281, 0.560254
6, 61501, 15.690000, 101232.515625, 0.571895
6, 61801, 15.460000, 101237.660156, 0.584482
6, 62102, 15.170000, 101244.058594, 0.587217
6, 62401, 14.930000, 101246.484375, 0.604316
6, 62702, 14.740000, 101248.484375, 0.615137
6, 63001, 14.520000, 101251.289062, 0.622705
6, 63301, 14.310000, 101259.226562, 0.627939
6, 63602, 14.040000, 101262.628906, 0.637959
6, 63901, 13.820000, 101264.847656, 0.642930
6, 64201, 13.580000, 101269.785156, 0.650430
6, 64502, 13.310000, 101276.910156, 0.661611
6, 64801, 13.110000, 101280.269531, 0.668154
6, 65101, 12.930000, 101283.785156, 0.668311
6, 65401, 12.750000, 101288.652344, 0.671904
6, 65701, 12.510000, 101298.808594, 0.685410
6, 66002, 12.320000, 101303.710938, 0.694014
6, 66301, 12.150000, 101308.921875, 0.692539
6, 66601, 12.010000, 101314.144531, 0.696045
6, 66902, 11.820000, 101321.527344, 0.699482
6, 67201, 11.630000, 101328.675781, 0.703018
6, 67501, 11.480000, 101333.117188, 0.711553
6, 67801, 11.310000, 101341.703125, 0.716992
6, 68101, 11.190000, 101346.417969, 0.721836
6, 68402, 11.070000, 101350.136719, 0.722842
6, 68701, 10.910000, 101353.281250, 0.730449
6, 69001, 10.760000, 101353.031250, 0.731084
6, 69302, 10.610000, 101353.578125, 0.738271
6, 69601, 10.470000, 101354.886719, 0.739023
6, 69901, 10.360000, 101357.042969, 0.747129
6, 70201, 10.220000, 101355.753906, 0.754883
6, 70501, 10.100000, 101354.863281, 0.758047
6, 70802, 9.980000, 101361.289062, 0.761221
6, 71101, 9.850000, 101361.140625, 0.761104
6, 71401, 9.750000, 101362.261719, 0.762236
6, 71702, 9.640000, 101362.648438, 0.765205
6, 72001, 9.510000, 101365.714844, 0.769033
6, 72301, 9.430000, 101367.929688, 0.771611
6, 72602, 9.320000, 101369.042969, 0.774033
6, 72901, 9.230000, 101373.027344, 0.772793
6, 73202, 9.130000, 101375.523438, 0.778799
6, 73501, 9.030000, 101372.917969, 0.783320
6, 73801, 8.930000, 101376.179688, 0.785312
6, 74102, 8.820000, 101380.949219, 0.782607
6, 74401, 8.710000, 101379.253906, 0.789395
6, 74701, 8.640000, 101381.234375, 0.794355
6, 75002, 8.570000, 101378.433594, 0.798691
6, 75301, 8.500000, 101373.250000, 0.796924
6, 75601, 8.420000, 101374.160156, 0.798623
6, 75901, 8.350000, 101377.054688, 0.800234
6, 76201, 8.280000, 101377.128906, 0.801748
6, 76502, 8.220000, 101378.539062, 0.801934
6, 76801, 8.150000, 101382.156250, 0.793799
6, 77101, 8.050000, 101379.683594, 0.798701
6, 77402, 7.990000, 101377.570312, 0.794473
6, 77701, 7.930000, 101377.878906, 0.795225
6, 78001, 7.870000, 101381.707031, 0.800010
6, 78301, 7.780000, 101384.773438, 0.803418
6, 78601, 7.740000, 101379.527344, 0.802910
6, 78902, 7.660000, 101377.058594, 0.800156
6, 79201, 7.620000, 101375.933594, 0.806689
6, 79501, 7.550000, 101372.355469, 0.806797
6, 79802, 7.480000, 101372.871094, 0.809160
6, 80101, 7.420000, 101372.054688, 0.815322
6, 80401, 7.350000, 101373.003906, 0.816270
6, 80701, 7.280000, 101369.589844, 0.820479
6, 81001, 7.220000, 101366.804688, 0.822949
6, 81302, 7.170000, 101362.695312, 0.818340
6, 81601, 7.140000, 101363.820312, 0.821064
6, 81901, 7.090000, 101362.156250, 0.823359
6, 82202, 7.020000, 101357.910156, 0.823545
6, 82501, 6.980000, 101357.140625, 0.825098
6, 82801, 6.940000, 101353.636719, 0.825996
6, 83101, 6.880000, 101355.554688, 0.833027
6, 83401, 6.840000, 101353.593750, 0.830674
6, 83702, 6.790000, 101349.890625, 0.831660
6, 84001, 6.730000, 101344.921875, 0.833076
6, 84301, 6.700000, 101340.113281, 0.837539
6, 84602, 6.640000, 101334.007812, 0.833438
6, 84901, 6.600000, 101331.250000, 0.834209
6, 85201, 6.530000, 101327.117188, 0.834717
6, 85501, 6.490000, 101326.035156, 0.834004
6, 85801, 6.460000, 101330.417969, 0.835459
6, 86102, 6.420000, 101331.140625, 0.831484
7, 1, 6.350000, 101331.949219, 0.828779
7, 301, 6.310000, 101328.578125, 0.823184
7, 602, 6.250000, 101324.062500, 0.824229
7, 901, 6.210000, 101323.820312, 0.824932
7, 1201, 6.170000, 101323.210938, 0.827656
7, 1501, 6.100000, 101319.777344, 0.828721
7, 1801, 6.060000, 101315.441406, 0.827988
7, 2102, 6.000000, 101310.343750, 0.833711
7, 2401, 5.940000, 101313.269531, 0.838760
7, 2701, 5.900000, 101316.765625, 0.832539
7, 3002, 5.850000, 101322.261719, 0.832217
7, 3301, 5.790000, 101325.062500, 0.831357
7, 3601, 5.700000, 101329.117188, 0.820518
7, 3902, 5.630000, 101333.453125, 0.822227
7, 4201, 5.590000, 101333.777344, 0.823975
7, 4501, 5.550000, 101338.449219, 0.826152
7, 4801, 5.520000, 101339.039062, 0.823945
7, 5101, 5.470000, 101335.726562, 0.822109
7, 5402, 5.420000, 101333.617188, 0.824395
7, 5701, 5.350000, 101330.503906, 0.822441
7, 6001, 5.260000, 101330.433594, 0.823125
7, 6302, 5.200000, 101330.191406, 0.818691
7, 6601, 5.140000, 101327.906250, 0.823955
7, 6901, 5.110000, 101326.566406, 0.825107
7, 7201, 5.040000, 101325.644531, 0.827656
7, 7501, 4.990000, 101324.015625, 0.831230
7, 7801, 4.950000, 101324.617188, 0.834590
7, 8101, 4.920000, 101322.312500, 0.833887
7, 8401, 4.890000, 101320.855469, 0.841367
7, 8702, 4.870000, 101319.433594, 0.840801
7, 9001, 4.830000, 101316.265625, 0.850820
7, 9301, 4.790000, 101316.796875, 0.855156
7, 9601, 4.750000, 101315.199219, 0.853467
7, 9901, 4.730000, 101311.800781, 0.855889
7, 10201, 4.710000, 101314.613281, 0.863467
7, 10501, 4.700000, 101314.003906, 0.862500
7, 10801, 4.690000, 101312.230469, 0.860439
7, 11102, 4.700000, 101307.132812, 0.862930
7, 11401, 4.730000, 101305.281250, 0.871475
7, 11701, 4.770000, 101303.718750, 0.880488
7, 12001, 4.800000, 101299.554688, 0.882266
7, 12301, 4.840000, 101299.054688, 0.888271
7, 12601, 4.900000, 101302.425781, 0.890303
7, 12901, 4.960000, 101306.457031, 0.899453
7, 13201, 5.010000, 101313.324219, 0.896670
7, 13502, 5.060000, 101312.144531, 0.900205
7, 13801, 5.120000, 101308.910156, 0.898926
7, 14101, 5.170000, 101306.039062, 0.899238
7, 14402, 5.220000, 101306.480469, 0.900098
7, 14701, 5.270000, 101301.125000, 0.898799
7, 15001, 5.310000, 101295.375000, 0.900400
7, 15301, 5.370000, 101292.535156, 0.903008
7, 15601, 5.410000, 101292.093750, 0.900293
7, 15902, 5.440000, 101294.523438, 0.896494
7, 16201, 5.460000, 101296.789062, 0.891904
7, 16501, 5.490000, 101301.015625, 0.887119
7, 16802, 5.500000, 101298.492188, 0.878203
7, 17101, 5.520000, 101299.082031, 0.880508
7, 17401, 5.560000, 101299.316406, 0.879717
7, 17701, 5.580000, 101297.503906, 0.884619
7, 18001, 5.620000, 101299.035156, 0.884912
7, 18302, 5.640000, 101301.351562, 0.885381
7, 18601, 5.690000, 101302.527344, 0.885469
7, 18901, 5.720000, 101302.843750, 0.880918
7, 19202, 5.770000, 101301.093750, 0.880879
7, 19501, 5.800000, 101298.871094, 0.878047
7, 19801, 5.850000, 101305.222656, 0.875791
7, 20101, 5.890000, 101308.324219, 0.871992
7, 20401, 5.940000, 101308.824219, 0.872402
7, 20701, 5.970000, 101312.281250, 0.872051
7, 21001, 6.010000, 101317.027344, 0.874600
7, 21301, 6.030000, 101321.031250, 0.883584
7, 21602, 6.050000, 101323.632812, 0.882002
7, 21901, 6.090000, 101321.269531, 0.879834
7, 22201, 6.120000, 101316.335938, 0.880322
7, 22502, 6.170000, 101320.843750, 0.876318
7, 22801, 6.210000, 101323.890625, 0.873701
7, 23101, 6.230000, 101329.082031, 0.883994
7, 23401, 6.240000, 101334.191406, 0.886279
7, 23701, 6.240000, 101341.789062, 0.886279
7, 24002, 6.260000, 101346.375000, 0.901104
7, 24301, 6.340000, 101341.351562, 0.915264
7, 24601, 6.410000, 101339.531250, 0.910664
7, 24902, 6.460000, 101338.644531, 0.894395
7, 25201, 6.490000, 101338.496094, 0.895332
7, 25501, 6.530000, 101341.324219, 0.890986
7, 25801, 6.550000, 101343.804688, 0.889512
7, 26101, 6.590000, 101343.996094, 0.891289
7, 26402, 6.710000, 101349.000000, 0.937490
7, 26701, 6.900000, 101347.203125, 0.954600
7, 27001, 7.050000, 101353.589844, 0.929492
7, 27301, 7.140000, 101350.863281, 0.920840
7, 27601, 7.210000, 101352.414062, 0.910937
7, 27901, 7.290000, 101352.054688, 0.906143
7, 28201, 7.360000, 101359.632812, 0.908223
7, 28501, 7.420000, 101362.847656, 0.908574
7, 28802, 7.470000, 101368.722656, 0.909209
7, 29101, 7.560000, 101372.554688, 0.889102
7, 29401, 7.650000, 101378.339844, 0.881357
7, 29702, 7.750000, 101381.371094, 0.893486
7, 30001, 7.880000, 101381.343750, 0.832754
7, 30301, 8.010000, 101382.296875, 0.845400
7, 30601, 8.140000, 101383.734375, 0.824268
7, 30901, 8.260000, 101384.460938, 0.824814
7, 31202, 8.390000, 101388.992188, 0.834600
7, 31501, 8.530000, 101393.078125, 0.796426
7, 31801, 8.670000, 101396.187500, 0.808418
7, 32102, 8.810000, 101397.613281, 0.779424
7, 32401, 8.930000, 101394.128906, 0.772031
7, 32701, 9.070000, 101394.304688, 0.767598
7, 33001, 9.200000, 101393.109375, 0.797012
7, 33301, 9.330000, 101387.222656, 0.754648
7, 33602, 9.450000, 101380.097656, 0.769570
7, 33901, 9.580000, 101379.097656, 0.732383
7, 34201, 9.720000, 101373.492188, 0.735908
7, 34502, 9.840000, 101369.003906, 0.722998
7, 34801, 9.920000, 101363.816406, 0.690000
7, 35101, 10.010000, 101362.160156, 0.727314
7, 35401, 10.140000, 101360.382812, 0.709258
7, 35701, 10.260000, 101356.718750, 0.685723
7, 36002, 10.430000, 101352.351562, 0.688389
7, 36301, 10.590000, 101348.988281, 0.655225
7, 36601, 10.800000, 101343.671875, 0.676162
7, 36902, 10.980000, 101338.203125, 0.702197
7, 37201, 11.160000, 101330.851562, 0.667500
7, 37501, 11.340000, 101325.304688, 0.667109
7, 37801, 11.490000, 101321.941406, 0.591455
7, 38101, 11.640000, 101315.238281, 0.604326
7, 38402, 11.770000, 101316.222656, 0.546523
7, 38701, 11.890000, 101311.726562, 0.579873
7, 39001, 11.970000, 101309.929688, 0.557695
7, 39302, 12.090000, 101303.921875, 0.591162
7, 39601, 12.220000, 101300.906250, 0.561113
7, 39901, 12.350000, 101296.812500, 0.580479
7, 40201, 12.350000, 101296.347656, 0.490205
7, 40501, 12.460000, 101295.824219, 0.548828
7, 40802, 12.550000, 101295.972656, 0.547275
7, 41101, 12.620000, 101291.398438, 0.496494
7, 41401, 12.670000, 101288.601562, 0.500410
7, 41702, 12.670000, 101286.378906, 0.500957
7, 42001, 12.690000, 101282.074219, 0.510508
7, 42301, 12.690000, 101278.691406, 0.503652
7, 42601, 12.720000, 101276.058594, 0.509883
7, 42901, 12.800000, 101272.550781, 0.522041
7, 43202, 12.850000, 101263.726562, 0.568330
7, 43501, 12.900000, 101260.542969, 0.553242
7, 43801, 12.920000, 101255.632812, 0.543662
7, 44102, 12.920000, 101250.453125, 0.550078
7, 44401, 12.920000, 101246.003906, 0.550957
7, 44701, 12.950000, 101237.160156, 0.526973
7, 45001, 13.010000, 101226.484375, 0.558594
7, 45301, 13.060000, 101215.718750, 0.554668
7, 45601, 13.150000, 101206.460938, 0.554668
7, 45901, 13.180000, 101196.964844, 0.493799
7, 46201, 13.240000, 101188.417969, 0.545596
7, 46502, 13.260000, 101179.472656, 0.513721
7, 46801, 13.320000, 101175.195312, 0.527314
7, 47101, 13.360000, 101171.343750, 0.547852
7, 47402, 13.360000, 101165.566406, 0.510078
7, 47701, 13.230000, 101164.617188, 0.491973
7, 48001, 13.150000, 101161.179688, 0.508389
7, 48301, 13.110000, 101161.980469, 0.505801
7, 48601, 13.130000, 101160.832031, 0.547891
7, 48902, 13.120000, 101156.761719, 0.509902
7, 49201, 13.100000, 101150.468750, 0.521738
7, 49501, 13.130000, 101146.750000, 0.512900
7, 49802, 13.140000, 101146.539062, 0.531299
7, 50101, 13.150000, 101145.554688, 0.516270
7, 50401, 13.140000, 101142.859375, 0.505273
7, 50701, 13.160000, 101141.535156, 0.546934
7, 51001, 13.180000, 101140.941406, 0.517627
7, 51301, 13.170000, 101137.855469, 0.521592
7, 51601, 13.190000, 101133.621094, 0.518965
7, 51901, 13.190000, 101133.195312, 0.543760
7, 52202, 13.190000, 101132.292969, 0.528477
7, 52501, 13.200000, 101131.226562, 0.546660
7, 52801, 13.280000, 101132.859375, 0.553955
7, 53102, 13.310000, 101134.992188, 0.518115
7, 53401, 13.350000, 101134.054688, 0.514375
7, 53701, 13.420000, 101136.457031, 0.563428
7, 54001, 13.480000, 101138.386719, 0.517422
7, 54301, 13.570000, 101136.160156, 0.565947
7, 54602, 13.710000, 101130.886719, 0.526670
7, 54901, 13.800000, 101126.718750, 0.511465
7, 55201, 13.780000, 101124.625000, 0.532295
7, 55502, 13.720000, 101127.628906, 0.517373
7, 55801, 13.730000, 101128.226562, 0.549971
